Nr,Tree name,product_category,Years,Business as usual,Combined effect,Compost,Technical and Market support,,,
1,Coffee Arabica [Fairchain],Stimulant,2024,0.428336752,0.715941298,0.664330376,0.472517276,,,
1,Coffee Arabica [Fairchain],Stimulant,2025,0.564647585,1.030959238,0.960350584,0.611886851,,,
1,Coffee Arabica [Fairchain],Stimulant,2026,0.655628219,1.352268959,1.254404381,0.704026584,,,
1,Coffee Arabica [Fairchain],Stimulant,2027,0.634261244,1.370023303,1.249290531,0.693021992,,,
1,Coffee Arabica [Fairchain],Stimulant,2028,0.709743204,1.522162764,1.384069228,0.766004459,,,
1,Coffee Arabica [Fairchain],Stimulant,2029,0,0,0,0,,,
1,Coffee Arabica [Fairchain],Stimulant,2030,0,0,0,0,,,
1,Coffee Arabica [Fairchain],Stimulant,2031,0,0,0,0,,,
1,Coffee Arabica [Fairchain],Stimulant,2032,0.176118615,0.376967389,0.32409857,0.273136934,,,
1,Coffee Arabica [Fairchain],Stimulant,2033,0.447107409,0.976345975,0.860039986,0.508865308,,,
1,Coffee Arabica [Fairchain],Stimulant,2034,0.627780666,1.423119229,1.259114498,0.692288219,,,
1,Coffee Arabica [Fairchain],Stimulant,2035,0.693303497,1.577271597,1.41418266,0.752205224,,,
1,Coffee Arabica [Fairchain],Stimulant,2036,0.685531169,1.517125307,1.379379885,0.737512904,,,
1,Coffee Arabica [Fairchain],Stimulant,2037,0.692469137,1.607062317,1.438956565,0.747166144,,,
1,Coffee Arabica [Fairchain],Stimulant,2038,0.673525529,1.555328295,1.400820081,0.728960886,,,
1,Coffee Arabica [Fairchain],Stimulant,2039,0.683694248,1.539400441,1.373210349,0.738842022,,,
1,Coffee Arabica [Fairchain],Stimulant,2040,0.721549105,1.692165631,1.500073549,0.781890278,,,
1,Coffee Arabica [Fairchain],Stimulant,2041,0.714455893,1.748496692,1.531142853,0.794015052,,,
1,Coffee Arabica [Fairchain],Stimulant,2042,0.71518223,1.770327276,1.562114971,0.794032137,,,
1,Coffee Arabica [Fairchain],Stimulant,2043,0.685167161,1.607932131,1.434532093,0.751353119,,,
1,Coffee Arabica [Fairchain],Stimulant,2044,0.686104005,1.473186283,1.325307752,0.73658684,,,
1,Coffee Arabica [Fairchain],Stimulant,2045,0.694192978,1.596649847,1.424555773,0.751517385,,,
1,Coffee Arabica [Fairchain],Stimulant,2046,0.64863706,1.403309226,1.261009883,0.707868016,,,
1,Coffee Arabica [Fairchain],Stimulant,2047,0.656992992,1.566673674,1.38155859,0.719166806,,,
1,Coffee Arabica [Fairchain],Stimulant,2048,0.722505408,1.65773658,1.475694823,0.780110006,,,
1,Coffee Arabica [Fairchain],Stimulant,2049,0,0,0,0,,,
1,Coffee Arabica [Fairchain],Stimulant,2050,0,0,0,0,,,
1,Coffee Arabica [Fairchain],Stimulant,2051,0,0,0,0,,,
1,Coffee Arabica [Fairchain],Stimulant,2052,0.173499491,0.342577491,0.301165382,0.318270277,,,
1,Coffee Arabica [Fairchain],Stimulant,2053,0.431310631,0.884862609,0.78808552,0.521458028,,,
1,Coffee Arabica [Fairchain],Stimulant,2054,0.641299541,1.499276122,1.303266294,0.725996997,,,
1,Coffee Arabica [Fairchain],Stimulant,2055,0.723283858,1.731761333,1.51927296,0.801336105,,,
1,Coffee Arabica [Fairchain],Stimulant,2056,0.674912302,1.550085362,1.390286342,0.745978266,,,
1,Coffee Arabica [Fairchain],Stimulant,2057,0.724317097,1.830613899,1.606526573,0.806060408,,,
1,Coffee Arabica [Fairchain],Stimulant,2058,0.71700471,1.744921313,1.533246743,0.791112358,,,
1,Coffee Arabica [Fairchain],Stimulant,2059,0.68212691,1.588906021,1.421568312,0.750502387,,,
1,Coffee Arabica [Fairchain],Stimulant,2060,0.692596688,1.556292619,1.384898901,0.755419622,,,
1,Coffee Arabica [Fairchain],Stimulant,2061,0.740649247,1.865378423,1.629875952,0.818499411,,,
1,Coffee Arabica [Fairchain],Stimulant,2062,0.698526802,1.654455039,1.468465977,0.769834114,,,
1,Coffee Arabica [Fairchain],Stimulant,2063,0.754824157,1.877979021,1.632649371,0.831474183,,,
1,Coffee Arabica [Fairchain],Stimulant,2064,0.975895646,1.872825536,1.677395162,1.063200602,,,
1,Cordia africana,Fruit,2024,0.070795462,0.101165168,0.098543978,0.076336595,,,
1,Cordia africana,Fruit,2025,0.067634294,0.081483862,0.078270837,0.069914999,,,
1,Cordia africana,Fruit,2026,0.079011852,0.091188351,0.088009726,0.078195215,,,
1,Cordia africana,Fruit,2027,0.073318091,0.089587187,0.08603547,0.077051755,,,
1,Cordia africana,Fruit,2028,0.075380642,0.087631548,0.084208122,0.077328238,,,
1,Cordia africana,Fruit,2029,0.13409502,0.135082949,0.128985986,0.13538465,,,
1,Cordia africana,Fruit,2030,0.08029185,0.093391907,0.09049404,0.088557487,,,
1,Cordia africana,Fruit,2031,0.064891469,0.067759178,0.064349337,0.063764003,,,
1,Cordia africana,Fruit,2032,0.09202171,0.106041978,0.102532957,0.101618178,,,
1,Cordia africana,Fruit,2033,0.06724748,0.080435576,0.076814821,0.07232409,,,
1,Cordia africana,Fruit,2034,0.059967252,0.068100722,0.065067235,0.060535461,,,
1,Cordia africana,Fruit,2035,0.045819953,0.05467074,0.051658024,0.046794916,,,
1,Cordia africana,Fruit,2036,0.041664018,0.05155628,0.049063914,0.043726624,,,
1,Cordia africana,Fruit,2037,0.050558448,0.063065952,0.060175208,0.053275942,,,
1,Cordia africana,Fruit,2038,0.041462432,0.053136419,0.050548972,0.044487457,,,
1,Cordia africana,Fruit,2039,0.057116686,0.068603771,0.065449843,0.059257742,,,
1,Cordia africana,Fruit,2040,0.073060853,0.08625928,0.082126433,0.073780778,,,
1,Cordia africana,Fruit,2041,0.084711463,0.102573525,0.097125983,0.087310544,,,
1,Cordia africana,Fruit,2042,0.079821761,0.098757152,0.094888802,0.086864541,,,
1,Cordia africana,Fruit,2043,0.05840086,0.074431646,0.071373934,0.06438876,,,
1,Cordia africana,Fruit,2044,0.050555513,0.058359757,0.055929325,0.050956851,,,
1,Cordia africana,Fruit,2045,0.057904876,0.072318029,0.069105796,0.060524131,,,
1,Cordia africana,Fruit,2046,0.05247792,0.061773768,0.059397034,0.054218295,,,
1,Cordia africana,Fruit,2047,0.080839999,0.097640819,0.093523828,0.084181794,,,
1,Cordia africana,Fruit,2048,0.063314687,0.078350566,0.075251431,0.066299962,,,
1,Cordia africana,Fruit,2049,0.105405368,0.108184388,0.10392043,0.107481728,,,
1,Cordia africana,Fruit,2050,0.086656003,0.101252363,0.098710804,0.09856442,,,
1,Cordia africana,Fruit,2051,0.056785076,0.062719513,0.060129103,0.059829706,,,
1,Cordia africana,Fruit,2052,0.056341625,0.06290269,0.059436828,0.062386894,,,
1,Cordia africana,Fruit,2053,0.048948464,0.050449803,0.048567614,0.047389958,,,
1,Cordia africana,Fruit,2054,0.079419193,0.092850877,0.088173217,0.08136239,,,
1,Cordia africana,Fruit,2055,0.070574529,0.081508113,0.078032362,0.072468399,,,
1,Cordia africana,Fruit,2056,0.052685564,0.063756508,0.061115218,0.055736048,,,
1,Cordia africana,Fruit,2057,0.079621526,0.100389269,0.09598201,0.086778259,,,
1,Cordia africana,Fruit,2058,0.067334914,0.07876998,0.075748165,0.0692532,,,
1,Cordia africana,Fruit,2059,0.050534155,0.064784931,0.061664561,0.054910781,,,
1,Cordia africana,Fruit,2060,0.058518213,0.0678199,0.065040099,0.058960341,,,
1,Cordia africana,Fruit,2061,0.086800936,0.10837957,0.103254301,0.091250105,,,
1,Cordia africana,Fruit,2062,0.066945084,0.080295586,0.076773789,0.068885461,,,
1,Cordia africana,Fruit,2063,0.097843385,0.117108114,0.111959333,0.101126434,,,
1,Cordia africana,Fruit,2064,0,0,0,0,,,
1,Cordia africana,FuelWood,2024,0,0,0,0,,,
1,Cordia africana,FuelWood,2025,0,0,0,0,,,
1,Cordia africana,FuelWood,2026,0.173299428,0.20810923,0.200555028,0.178830651,,,
1,Cordia africana,FuelWood,2027,0,0,0,0,,,
1,Cordia africana,FuelWood,2028,0,0,0,0,,,
1,Cordia africana,FuelWood,2029,0,0,0,0,,,
1,Cordia africana,FuelWood,2030,0.206804385,0.24290209,0.233791428,0.214601427,,,
1,Cordia africana,FuelWood,2031,0,0,0,0,,,
1,Cordia africana,FuelWood,2032,0,0,0,0,,,
1,Cordia africana,FuelWood,2033,0,0,0,0,,,
1,Cordia africana,FuelWood,2034,0.219189364,0.254226435,0.24451399,0.228041724,,,
1,Cordia africana,FuelWood,2035,0,0,0,0,,,
1,Cordia africana,FuelWood,2036,0,0,0,0,,,
1,Cordia africana,FuelWood,2037,0,0,0,0,,,
1,Cordia africana,FuelWood,2038,0.206987952,0.242675124,0.232840445,0.215406659,,,
1,Cordia africana,FuelWood,2039,0,0,0,0,,,
1,Cordia africana,FuelWood,2040,0,0,0,0,,,
1,Cordia africana,FuelWood,2041,0,0,0,0,,,
1,Cordia africana,FuelWood,2042,0.216436447,0.256269692,0.245357198,0.225306816,,,
1,Cordia africana,FuelWood,2043,0,0,0,0,,,
1,Cordia africana,FuelWood,2044,0,0,0,0,,,
1,Cordia africana,FuelWood,2045,0,0,0,0,,,
1,Cordia africana,FuelWood,2046,0.213602002,0.254684853,0.243898385,0.223003868,,,
1,Cordia africana,FuelWood,2047,0,0,0,0,,,
1,Cordia africana,FuelWood,2048,0,0,0,0,,,
1,Cordia africana,FuelWood,2049,0.228723615,0.269476674,0.258226408,0.238086922,,,
1,Cordia africana,FuelWood,2050,0,0,0,0,,,
1,Cordia africana,FuelWood,2051,0,0,0,0,,,
1,Cordia africana,FuelWood,2052,0,0,0,0,,,
1,Cordia africana,FuelWood,2053,0.225996536,0.263265323,0.252411634,0.23728366,,,
1,Cordia africana,FuelWood,2054,0,0,0,0,,,
1,Cordia africana,FuelWood,2055,0,0,0,0,,,
1,Cordia africana,FuelWood,2056,0,0,0,0,,,
1,Cordia africana,FuelWood,2057,0.230542095,0.270070176,0.258794897,0.242002179,,,
1,Cordia africana,FuelWood,2058,0,0,0,0,,,
1,Cordia africana,FuelWood,2059,0,0,0,0,,,
1,Cordia africana,FuelWood,2060,0,0,0,0,,,
1,Cordia africana,FuelWood,2061,0.230796641,0.272324367,0.260807335,0.241649193,,,
1,Cordia africana,FuelWood,2062,0,0,0,0,,,
1,Cordia africana,FuelWood,2063,2.331351792,2.764276831,2.646198641,2.437042328,,,
1,Cordia africana,FuelWood,2064,0,0,0,0,,,
1,Cordia africana,ConstructionWood,2024,0,0,0,0,,,
1,Cordia africana,ConstructionWood,2025,0,0,0,0,,,
1,Cordia africana,ConstructionWood,2026,0,0,0,0,,,
1,Cordia africana,ConstructionWood,2027,0,0,0,0,,,
1,Cordia africana,ConstructionWood,2028,0,0,0,0,,,
1,Cordia africana,ConstructionWood,2029,0,0,0,0,,,
1,Cordia africana,ConstructionWood,2030,0,0,0,0,,,
1,Cordia africana,ConstructionWood,2031,0,0,0,0,,,
1,Cordia africana,ConstructionWood,2032,0,0,0,0,,,
1,Cordia africana,ConstructionWood,2033,0,0,0,0,,,
1,Cordia africana,ConstructionWood,2034,0,0,0,0,,,
1,Cordia africana,ConstructionWood,2035,0,0,0,0,,,
1,Cordia africana,ConstructionWood,2036,0,0,0,0,,,
1,Cordia africana,ConstructionWood,2037,0,0,0,0,,,
1,Cordia africana,ConstructionWood,2038,0,0,0,0,,,
1,Cordia africana,ConstructionWood,2039,0,0,0,0,,,
1,Cordia africana,ConstructionWood,2040,0,0,0,0,,,
1,Cordia africana,ConstructionWood,2041,0,0,0,0,,,
1,Cordia africana,ConstructionWood,2042,0,0,0,0,,,
1,Cordia africana,ConstructionWood,2043,0,0,0,0,,,
1,Cordia africana,ConstructionWood,2044,0,0,0,0,,,
1,Cordia africana,ConstructionWood,2045,0,0,0,0,,,
1,Cordia africana,ConstructionWood,2046,0,0,0,0,,,
1,Cordia africana,ConstructionWood,2047,0,0,0,0,,,
1,Cordia africana,ConstructionWood,2048,0,0,0,0,,,
1,Cordia africana,ConstructionWood,2049,0,0,0,0,,,
1,Cordia africana,ConstructionWood,2050,0,0,0,0,,,
1,Cordia africana,ConstructionWood,2051,0,0,0,0,,,
1,Cordia africana,ConstructionWood,2052,0,0,0,0,,,
1,Cordia africana,ConstructionWood,2053,0,0,0,0,,,
1,Cordia africana,ConstructionWood,2054,0,0,0,0,,,
1,Cordia africana,ConstructionWood,2055,0,0,0,0,,,
1,Cordia africana,ConstructionWood,2056,0,0,0,0,,,
1,Cordia africana,ConstructionWood,2057,0,0,0,0,,,
1,Cordia africana,ConstructionWood,2058,0,0,0,0,,,
1,Cordia africana,ConstructionWood,2059,0,0,0,0,,,
1,Cordia africana,ConstructionWood,2060,0,0,0,0,,,
1,Cordia africana,ConstructionWood,2061,0,0,0,0,,,
1,Cordia africana,ConstructionWood,2062,0,0,0,0,,,
1,Cordia africana,ConstructionWood,2063,20.57187461,24.15267681,23.16011383,21.45107577,,,
1,Cordia africana,ConstructionWood,2064,0,0,0,0,,,
1,Ficus vasta,Fruit (local),2024,0.128883787,0.170709969,0.168046982,0.138200194,,,
1,Ficus vasta,Fruit (local),2025,0.12898791,0.147692964,0.143818311,0.132390938,,,
1,Ficus vasta,Fruit (local),2026,0.143734757,0.16187425,0.156831643,0.141186549,,,
1,Ficus vasta,Fruit (local),2027,0.145233845,0.169248972,0.164753046,0.149015842,,,
1,Ficus vasta,Fruit (local),2028,0.141508803,0.158398958,0.154240784,0.142872265,,,
1,Ficus vasta,Fruit (local),2029,0.256006948,0.259941388,0.252203398,0.259869203,,,
1,Ficus vasta,Fruit (local),2030,0.141349882,0.158661899,0.154148382,0.152591967,,,
1,Ficus vasta,Fruit (local),2031,0.114948764,0.120853648,0.114905083,0.114707122,,,
1,Ficus vasta,Fruit (local),2032,0.166491523,0.186921667,0.182980054,0.181256492,,,
1,Ficus vasta,Fruit (local),2033,0.127990103,0.144054139,0.140798592,0.134771168,,,
1,Ficus vasta,Fruit (local),2034,0.10643985,0.121380188,0.11659692,0.109031284,,,
1,Ficus vasta,Fruit (local),2035,0.085098316,0.101783787,0.09674316,0.088811494,,,
1,Ficus vasta,Fruit (local),2036,0.078557987,0.095843519,0.091554263,0.082730661,,,
1,Ficus vasta,Fruit (local),2037,0.095603701,0.11677199,0.111712573,0.100044455,,,
1,Ficus vasta,Fruit (local),2038,0.079000585,0.099465459,0.095302327,0.08406659,,,
1,Ficus vasta,Fruit (local),2039,0.111074635,0.123757183,0.119714374,0.110917912,,,
1,Ficus vasta,Fruit (local),2040,0.131338023,0.149381089,0.143971911,0.130742096,,,
1,Ficus vasta,Fruit (local),2041,0.162423146,0.186654197,0.179564975,0.165396064,,,
1,Ficus vasta,Fruit (local),2042,0.153444093,0.185035007,0.179536074,0.165460088,,,
1,Ficus vasta,Fruit (local),2043,0.105960898,0.132419656,0.127798509,0.115918614,,,
1,Ficus vasta,Fruit (local),2044,0.094381653,0.104267139,0.101078305,0.093709575,,,
1,Ficus vasta,Fruit (local),2045,0.106685767,0.13084876,0.126034824,0.111638072,,,
1,Ficus vasta,Fruit (local),2046,0.101850304,0.116335684,0.112926184,0.104083929,,,
1,Ficus vasta,Fruit (local),2047,0.145173665,0.174806235,0.169161473,0.153220971,,,
1,Ficus vasta,Fruit (local),2048,0.114181025,0.137474699,0.132981012,0.118823056,,,
1,Ficus vasta,Fruit (local),2049,0.196883792,0.196472415,0.191107272,0.195134204,,,
1,Ficus vasta,Fruit (local),2050,0.152648006,0.174841398,0.17140232,0.170646119,,,
1,Ficus vasta,Fruit (local),2051,0.104105046,0.114039442,0.109853182,0.109502302,,,
1,Ficus vasta,Fruit (local),2052,0.101088898,0.110666149,0.105267896,0.110020044,,,
1,Ficus vasta,Fruit (local),2053,0.091441411,0.095324043,0.092267089,0.090541717,,,
1,Ficus vasta,Fruit (local),2054,0.143844052,0.158024734,0.15232739,0.144315418,,,
1,Ficus vasta,Fruit (local),2055,0.127674087,0.144219852,0.139067079,0.130291524,,,
1,Ficus vasta,Fruit (local),2056,0.103979933,0.121012172,0.117128306,0.10811917,,,
1,Ficus vasta,Fruit (local),2057,0.14775211,0.17978175,0.174083148,0.160890932,,,
1,Ficus vasta,Fruit (local),2058,0.119881276,0.139097123,0.134608565,0.123525766,,,
1,Ficus vasta,Fruit (local),2059,0.094341872,0.116314986,0.111767236,0.100763066,,,
1,Ficus vasta,Fruit (local),2060,0.106991648,0.121208301,0.117472988,0.107624875,,,
1,Ficus vasta,Fruit (local),2061,0.166048573,0.19364599,0.18705136,0.170160403,,,
1,Ficus vasta,Fruit (local),2062,0.12641553,0.150812579,0.146003194,0.131462811,,,
1,Ficus vasta,Fruit (local),2063,0.182106442,0.203636145,0.19822292,0.184493685,,,
1,Ficus vasta,Fruit (local),2064,0,0,0,0,,,
1,Ficus vasta,FuelWood,2024,0,0,0,0,,,
1,Ficus vasta,FuelWood,2025,0.113317252,0.132180819,0.128651605,0.116617832,,,
1,Ficus vasta,FuelWood,2026,0,0,0,0,,,
1,Ficus vasta,FuelWood,2027,0.120871142,0.140449807,0.136636218,0.123735752,,,
1,Ficus vasta,FuelWood,2028,0,0,0,0,,,
1,Ficus vasta,FuelWood,2029,0.137451589,0.155600905,0.151324274,0.140315879,,,
1,Ficus vasta,FuelWood,2030,0,0,0,0,,,
1,Ficus vasta,FuelWood,2031,0.137792587,0.154996884,0.150473095,0.14117746,,,
1,Ficus vasta,FuelWood,2032,0,0,0,0,,,
1,Ficus vasta,FuelWood,2033,0.14159633,0.159251907,0.154832132,0.146393215,,,
1,Ficus vasta,FuelWood,2034,0,0,0,0,,,
1,Ficus vasta,FuelWood,2035,0.135228036,0.15281574,0.148236046,0.139794518,,,
1,Ficus vasta,FuelWood,2036,0,0,0,0,,,
1,Ficus vasta,FuelWood,2037,0.128395137,0.146564786,0.141895745,0.132983643,,,
1,Ficus vasta,FuelWood,2038,0,0,0,0,,,
1,Ficus vasta,FuelWood,2039,0.124228568,0.142368478,0.137732888,0.12848202,,,
1,Ficus vasta,FuelWood,2040,0,0,0,0,,,
1,Ficus vasta,FuelWood,2041,0.130424814,0.149416466,0.144405373,0.134180594,,,
1,Ficus vasta,FuelWood,2042,0,0,0,0,,,
1,Ficus vasta,FuelWood,2043,0.132224955,0.153373811,0.14827771,0.137385032,,,
1,Ficus vasta,FuelWood,2044,0,0,0,0,,,
1,Ficus vasta,FuelWood,2045,0.128396251,0.149134365,0.144159918,0.133086773,,,
1,Ficus vasta,FuelWood,2046,0,0,0,0,,,
1,Ficus vasta,FuelWood,2047,0.129557054,0.150894646,0.145922047,0.134416556,,,
1,Ficus vasta,FuelWood,2048,0,0,0,0,,,
1,Ficus vasta,FuelWood,2049,0.136553919,0.156337204,0.151294008,0.14084043,,,
1,Ficus vasta,FuelWood,2050,0,0,0,0,,,
1,Ficus vasta,FuelWood,2051,0.137064799,0.15644679,0.15155307,0.142777103,,,
1,Ficus vasta,FuelWood,2052,0,0,0,0,,,
1,Ficus vasta,FuelWood,2053,0.131573203,0.148892066,0.144050411,0.137040814,,,
1,Ficus vasta,FuelWood,2054,0,0,0,0,,,
1,Ficus vasta,FuelWood,2055,0.134352697,0.151577319,0.146553708,0.139177855,,,
1,Ficus vasta,FuelWood,2056,0,0,0,0,,,
1,Ficus vasta,FuelWood,2057,0.134930669,0.153812572,0.148750988,0.140559915,,,
1,Ficus vasta,FuelWood,2058,0,0,0,0,,,
1,Ficus vasta,FuelWood,2059,0.131801286,0.151303527,0.146264169,0.137414258,,,
1,Ficus vasta,FuelWood,2060,0,0,0,0,,,
1,Ficus vasta,FuelWood,2061,0.134831437,0.154924414,0.149777866,0.139935677,,,
1,Ficus vasta,FuelWood,2062,0,0,0,0,,,
1,Ficus vasta,FuelWood,2063,1.406362038,1.615638777,1.56343484,1.455534994,,,
1,Ficus vasta,FuelWood,2064,0,0,0,0,,,
1,Ficus vasta,FuelWood,2024,0,0,0,0,,,
1,Ficus vasta,FuelWood,2025,0,0,0,0,,,
1,Ficus vasta,FuelWood,2026,0,0,0,0,,,
1,Ficus vasta,FuelWood,2027,0,0,0,0,,,
1,Ficus vasta,FuelWood,2028,0,0,0,0,,,
1,Ficus vasta,FuelWood,2029,0,0,0,0,,,
1,Ficus vasta,FuelWood,2030,0,0,0,0,,,
1,Ficus vasta,FuelWood,2031,0,0,0,0,,,
1,Ficus vasta,FuelWood,2032,0,0,0,0,,,
1,Ficus vasta,FuelWood,2033,0,0,0,0,,,
1,Ficus vasta,FuelWood,2034,0,0,0,0,,,
1,Ficus vasta,FuelWood,2035,0,0,0,0,,,
1,Ficus vasta,FuelWood,2036,0,0,0,0,,,
1,Ficus vasta,FuelWood,2037,0,0,0,0,,,
1,Ficus vasta,FuelWood,2038,0,0,0,0,,,
1,Ficus vasta,FuelWood,2039,0,0,0,0,,,
1,Ficus vasta,FuelWood,2040,0,0,0,0,,,
1,Ficus vasta,FuelWood,2041,0,0,0,0,,,
1,Ficus vasta,FuelWood,2042,0,0,0,0,,,
1,Ficus vasta,FuelWood,2043,0,0,0,0,,,
1,Ficus vasta,FuelWood,2044,0,0,0,0,,,
1,Ficus vasta,FuelWood,2045,0,0,0,0,,,
1,Ficus vasta,FuelWood,2046,0,0,0,0,,,
1,Ficus vasta,FuelWood,2047,0,0,0,0,,,
1,Ficus vasta,FuelWood,2048,0,0,0,0,,,
1,Ficus vasta,FuelWood,2049,0,0,0,0,,,
1,Ficus vasta,FuelWood,2050,0,0,0,0,,,
1,Ficus vasta,FuelWood,2051,0,0,0,0,,,
1,Ficus vasta,FuelWood,2052,0,0,0,0,,,
1,Ficus vasta,FuelWood,2053,0,0,0,0,,,
1,Ficus vasta,FuelWood,2054,0,0,0,0,,,
1,Ficus vasta,FuelWood,2055,0,0,0,0,,,
1,Ficus vasta,FuelWood,2056,0,0,0,0,,,
1,Ficus vasta,FuelWood,2057,0,0,0,0,,,
1,Ficus vasta,FuelWood,2058,0,0,0,0,,,
1,Ficus vasta,FuelWood,2059,0,0,0,0,,,
1,Ficus vasta,FuelWood,2060,0,0,0,0,,,
1,Ficus vasta,FuelWood,2061,0,0,0,0,,,
1,Ficus vasta,FuelWood,2062,0,0,0,0,,,
1,Ficus vasta,FuelWood,2063,13.89963888,15.801644,15.31056954,14.35248991,,,
1,Ficus vasta,FuelWood,2064,0,0,0,0,,,
1,Albizia gummifera,FuelWood,2024,0.05860193,0.067386273,0.065354249,0.059787999,,,
1,Albizia gummifera,FuelWood,2025,0.059563245,0.068570023,0.066371267,0.060835291,,,
1,Albizia gummifera,FuelWood,2026,0.062731358,0.071097443,0.068803401,0.06335007,,,
1,Albizia gummifera,FuelWood,2027,0.064715129,0.073099377,0.070619826,0.0653502,,,
1,Albizia gummifera,FuelWood,2028,0.06654268,0.074783796,0.072191668,0.06720129,,,
1,Albizia gummifera,FuelWood,2029,0.075883935,0.083135976,0.080055129,0.076612549,,,
1,Albizia gummifera,FuelWood,2030,0.076194952,0.084081332,0.081120049,0.077889253,,,
1,Albizia gummifera,FuelWood,2031,0.073836101,0.081021627,0.078021855,0.075184316,,,
1,Albizia gummifera,FuelWood,2032,0.077001866,0.084345464,0.081325989,0.079042811,,,
1,Albizia gummifera,FuelWood,2033,0.075881769,0.083612819,0.080560371,0.078377369,,,
1,Albizia gummifera,FuelWood,2034,0.073657077,0.081025365,0.078022213,0.075782942,,,
1,Albizia gummifera,FuelWood,2035,0.069373674,0.076577734,0.07379027,0.071460542,,,
1,Albizia gummifera,FuelWood,2036,0.065240529,0.072338879,0.069814742,0.067338123,,,
1,Albizia gummifera,FuelWood,2037,0.062783095,0.07004192,0.067557797,0.064929155,,,
1,Albizia gummifera,FuelWood,2038,0.059706807,0.06710136,0.064639561,0.061930995,,,
1,Albizia gummifera,FuelWood,2039,0.059540559,0.066548725,0.064103255,0.061440799,,,
1,Albizia gummifera,FuelWood,2040,0.061199959,0.067997875,0.065441366,0.062493584,,,
1,Albizia gummifera,FuelWood,2041,0.06514634,0.07215063,0.069308837,0.06623813,,,
1,Albizia gummifera,FuelWood,2042,0.067861653,0.075743621,0.072793474,0.069762403,,,
1,Albizia gummifera,FuelWood,2043,0.066509312,0.075053853,0.072140429,0.068980888,,,
1,Albizia gummifera,FuelWood,2044,0.064106691,0.071937959,0.069165917,0.066119744,,,
1,Albizia gummifera,FuelWood,2045,0.062671163,0.070826627,0.06804556,0.064628097,,,
1,Albizia gummifera,FuelWood,2046,0.061211828,0.068968741,0.066280049,0.063001015,,,
1,Albizia gummifera,FuelWood,2047,0.063683335,0.071918436,0.069112887,0.065569031,,,
1,Albizia gummifera,FuelWood,2048,0.062934451,0.07137061,0.068661009,0.064836199,,,
1,Albizia gummifera,FuelWood,2049,0.068483378,0.07570324,0.072990723,0.07013841,,,
1,Albizia gummifera,FuelWood,2050,0.070596096,0.078817045,0.076137065,0.073734347,,,
1,Albizia gummifera,FuelWood,2051,0.067919189,0.075638662,0.073023932,0.070939183,,,
1,Albizia gummifera,FuelWood,2052,0.065968364,0.072883326,0.070232112,0.068791405,,,
1,Albizia gummifera,FuelWood,2053,0.063340798,0.069193874,0.066683491,0.065488162,,,
1,Albizia gummifera,FuelWood,2054,0.065773089,0.071206099,0.068570485,0.067267101,,,
1,Albizia gummifera,FuelWood,2055,0.065801448,0.071246959,0.068562449,0.067081482,,,
1,Albizia gummifera,FuelWood,2056,0.064335995,0.069866078,0.067220492,0.065664831,,,
1,Albizia gummifera,FuelWood,2057,0.066708736,0.073450567,0.070698645,0.068728464,,,
1,Albizia gummifera,FuelWood,2058,0.066111354,0.072892212,0.070163336,0.067982772,,,
1,Albizia gummifera,FuelWood,2059,0.063942776,0.070774204,0.068084741,0.065698164,,,
1,Albizia gummifera,FuelWood,2060,0.062686957,0.069294881,0.066662331,0.064119633,,,
1,Albizia gummifera,FuelWood,2061,0.066485577,0.073662691,0.070760193,0.067671167,,,
1,Albizia gummifera,FuelWood,2062,0.066924325,0.074269852,0.071305221,0.068059434,,,
1,Albizia gummifera,FuelWood,2063,0.716793137,0.79267951,0.761764357,0.726408423,,,9.923913309
1,Albizia gummifera,FuelWood,2064,0.001644583,0.001871085,0.001818916,0.001746284,,,
1,Albizia gummifera,ConstructionWood,2024,0,0,0,0,,,
1,Albizia gummifera,ConstructionWood,2025,0,0,0,0,,,
1,Albizia gummifera,ConstructionWood,2026,0,0,0,0,,,
1,Albizia gummifera,ConstructionWood,2027,0,0,0,0,,,
1,Albizia gummifera,ConstructionWood,2028,0,0,0,0,,,
1,Albizia gummifera,ConstructionWood,2029,0,0,0,0,,,
1,Albizia gummifera,ConstructionWood,2030,0,0,0,0,,,
1,Albizia gummifera,ConstructionWood,2031,0,0,0,0,,,
1,Albizia gummifera,ConstructionWood,2032,0,0,0,0,,,
1,Albizia gummifera,ConstructionWood,2033,0,0,0,0,,,
1,Albizia gummifera,ConstructionWood,2034,0,0,0,0,,,
1,Albizia gummifera,ConstructionWood,2035,0,0,0,0,,,
1,Albizia gummifera,ConstructionWood,2036,0,0,0,0,,,
1,Albizia gummifera,ConstructionWood,2037,0,0,0,0,,,
1,Albizia gummifera,ConstructionWood,2038,0,0,0,0,,,
1,Albizia gummifera,ConstructionWood,2039,0,0,0,0,,,
1,Albizia gummifera,ConstructionWood,2040,0,0,0,0,,,
1,Albizia gummifera,ConstructionWood,2041,0,0,0,0,,,
1,Albizia gummifera,ConstructionWood,2042,0,0,0,0,,,
1,Albizia gummifera,ConstructionWood,2043,0,0,0,0,,,
1,Albizia gummifera,ConstructionWood,2044,0,0,0,0,,,
1,Albizia gummifera,ConstructionWood,2045,0,0,0,0,,,
1,Albizia gummifera,ConstructionWood,2046,0,0,0,0,,,
1,Albizia gummifera,ConstructionWood,2047,0,0,0,0,,,
1,Albizia gummifera,ConstructionWood,2048,0,0,0,0,,,
1,Albizia gummifera,ConstructionWood,2049,0,0,0,0,,,
1,Albizia gummifera,ConstructionWood,2050,0,0,0,0,,,
1,Albizia gummifera,ConstructionWood,2051,0,0,0,0,,,
1,Albizia gummifera,ConstructionWood,2052,0,0,0,0,,,
1,Albizia gummifera,ConstructionWood,2053,0,0,0,0,,,
1,Albizia gummifera,ConstructionWood,2054,0,0,0,0,,,
1,Albizia gummifera,ConstructionWood,2055,0,0,0,0,,,
1,Albizia gummifera,ConstructionWood,2056,0,0,0,0,,,
1,Albizia gummifera,ConstructionWood,2057,0,0,0,0,,,
1,Albizia gummifera,ConstructionWood,2058,0,0,0,0,,,
1,Albizia gummifera,ConstructionWood,2059,0,0,0,0,,,
1,Albizia gummifera,ConstructionWood,2060,0,0,0,0,,,
1,Albizia gummifera,ConstructionWood,2061,0,0,0,0,,,
1,Albizia gummifera,ConstructionWood,2062,0,0,0,0,,,
1,Albizia gummifera,ConstructionWood,2063,8.276632406,9.131233799,8.798357808,8.457859211,,,
1,Albizia gummifera,ConstructionWood,2064,0,0,0,0,,,
1,Millettia ferruginea,FuelWood,2024,0,0,0,0,,,
1,Millettia ferruginea,FuelWood,2025,0,0,0,0,,,
1,Millettia ferruginea,FuelWood,2026,0.132425546,0.146836044,0.141344837,0.137658517,,,
1,Millettia ferruginea,FuelWood,2027,0,0,0,0,,,
1,Millettia ferruginea,FuelWood,2028,0,0,0,0,,,
1,Millettia ferruginea,FuelWood,2029,0.159272815,0.17239889,0.165809844,0.164533245,,,
1,Millettia ferruginea,FuelWood,2030,0,0,0,0,,,
1,Millettia ferruginea,FuelWood,2031,0,0,0,0,,,
1,Millettia ferruginea,FuelWood,2032,0.169165879,0.183218907,0.176638061,0.175451093,,,
1,Millettia ferruginea,FuelWood,2033,0,0,0,0,,,
1,Millettia ferruginea,FuelWood,2034,0,0,0,0,,,
1,Millettia ferruginea,FuelWood,2035,0.166052641,0.179973838,0.173182298,0.172539292,,,
1,Millettia ferruginea,FuelWood,2036,0,0,0,0,,,
1,Millettia ferruginea,FuelWood,2037,0,0,0,0,,,
1,Millettia ferruginea,FuelWood,2038,0.155790458,0.170487013,0.1638456,0.162495851,,,
1,Millettia ferruginea,FuelWood,2039,0,0,0,0,,,
1,Millettia ferruginea,FuelWood,2040,0,0,0,0,,,
1,Millettia ferruginea,FuelWood,2041,0.165872919,0.178911446,0.171797569,0.170962682,,,
1,Millettia ferruginea,FuelWood,2042,0,0,0,0,,,
1,Millettia ferruginea,FuelWood,2043,0,0,0,0,,,
1,Millettia ferruginea,FuelWood,2044,0.167783789,0.181350834,0.174579426,0.17446149,,,
1,Millettia ferruginea,FuelWood,2045,0,0,0,0,,,
1,Millettia ferruginea,FuelWood,2046,0,0,0,0,,,
1,Millettia ferruginea,FuelWood,2047,0.168651039,0.182077336,0.175165474,0.174728183,,,
1,Millettia ferruginea,FuelWood,2048,0,0,0,0,,,
1,Millettia ferruginea,FuelWood,2049,0,0,0,0,,,
1,Millettia ferruginea,FuelWood,2050,0.178378791,0.19325709,0.186185734,0.186030113,,,
1,Millettia ferruginea,FuelWood,2051,0,0,0,0,,,
1,Millettia ferruginea,FuelWood,2052,0,0,0,0,,,
1,Millettia ferruginea,FuelWood,2053,0.169138479,0.181688452,0.174861686,0.175455941,,,
1,Millettia ferruginea,FuelWood,2054,0,0,0,0,,,
1,Millettia ferruginea,FuelWood,2055,0,0,0,0,,,
1,Millettia ferruginea,FuelWood,2056,0.172224707,0.182805543,0.175994352,0.1772428,,,
1,Millettia ferruginea,FuelWood,2057,0,0,0,0,,,
1,Millettia ferruginea,FuelWood,2058,0,0,0,0,,,
1,Millettia ferruginea,FuelWood,2059,0.173095664,0.184579554,0.177650504,0.178682994,,,
1,Millettia ferruginea,FuelWood,2060,0,0,0,0,,,
1,Millettia ferruginea,FuelWood,2061,0,0,0,0,,,
1,Millettia ferruginea,FuelWood,2062,0.178270723,0.189385183,0.18204149,0.182950521,,,
1,Millettia ferruginea,FuelWood,2063,0,0,0,0,,,
1,Millettia ferruginea,FuelWood,2064,0,0,0,0,,,
2,Coffee Arabica [Fairchain],Stimulant,2024,0.397807367,0.676486703,0.620150595,0.446905615,,,
2,Coffee Arabica [Fairchain],Stimulant,2025,0.526832577,0.979050286,0.892558562,0.581623511,,,
2,Coffee Arabica [Fairchain],Stimulant,2026,0.61110754,1.28140388,1.135122062,0.67134895,,,
2,Coffee Arabica [Fairchain],Stimulant,2027,0.587817334,1.283545564,1.114232889,0.658713384,,,
2,Coffee Arabica [Fairchain],Stimulant,2028,0.661256831,1.425592972,1.232275637,0.730321973,,,
2,Coffee Arabica [Fairchain],Stimulant,2029,0,0,0,0,,,
2,Coffee Arabica [Fairchain],Stimulant,2030,0,0,0,0,,,
2,Coffee Arabica [Fairchain],Stimulant,2031,0,0,0,0,,,
2,Coffee Arabica [Fairchain],Stimulant,2032,0.157977745,0.337317586,0.281916668,0.248010005,,,
2,Coffee Arabica [Fairchain],Stimulant,2033,0.413965316,0.89071485,0.762544683,0.481663067,,,
2,Coffee Arabica [Fairchain],Stimulant,2034,0.584657863,1.302610213,1.111475783,0.658652545,,,
2,Coffee Arabica [Fairchain],Stimulant,2035,0.649953482,1.457054723,1.261652286,0.717670729,,,
2,Coffee Arabica [Fairchain],Stimulant,2036,0.642758602,1.415576193,1.238027659,0.706087425,,,
2,Coffee Arabica [Fairchain],Stimulant,2037,0.648837025,1.484970744,1.288729971,0.713375527,,,
2,Coffee Arabica [Fairchain],Stimulant,2038,0.632750051,1.441469815,1.257719607,0.69550979,,,
2,Coffee Arabica [Fairchain],Stimulant,2039,0.641698054,1.415440748,1.233220987,0.703516545,,,
2,Coffee Arabica [Fairchain],Stimulant,2040,0.673471996,1.551189982,1.326390313,0.743768671,,,
2,Coffee Arabica [Fairchain],Stimulant,2041,0.665101276,1.586861877,1.35118987,0.753255192,,,
2,Coffee Arabica [Fairchain],Stimulant,2042,0.663100799,1.617494234,1.379826774,0.754732613,,,
2,Coffee Arabica [Fairchain],Stimulant,2043,0.640923018,1.4820818,1.278372241,0.715644147,,,
2,Coffee Arabica [Fairchain],Stimulant,2044,0.644991588,1.366055153,1.199964638,0.703165163,,,
2,Coffee Arabica [Fairchain],Stimulant,2045,0.650441366,1.470007161,1.268110961,0.716148404,,,
2,Coffee Arabica [Fairchain],Stimulant,2046,0.608750929,1.298942418,1.138046526,0.676217451,,,
2,Coffee Arabica [Fairchain],Stimulant,2047,0.613274824,1.431201391,1.22485384,0.683917975,,,
2,Coffee Arabica [Fairchain],Stimulant,2048,0.676798122,1.525114795,1.317498316,0.742984175,,,
2,Coffee Arabica [Fairchain],Stimulant,2049,0,0,0,0,,,
2,Coffee Arabica [Fairchain],Stimulant,2050,0,0,0,0,,,
2,Coffee Arabica [Fairchain],Stimulant,2051,0,0,0,0,,,
2,Coffee Arabica [Fairchain],Stimulant,2052,0.159617238,0.311921039,0.266395204,0.290811781,,,
2,Coffee Arabica [Fairchain],Stimulant,2053,0.400424603,0.814992927,0.703589457,0.494255523,,,
2,Coffee Arabica [Fairchain],Stimulant,2054,0.596214141,1.353232698,1.150135636,0.688415045,,,
2,Coffee Arabica [Fairchain],Stimulant,2055,0.672973672,1.572415725,1.339812139,0.760485661,,,
2,Coffee Arabica [Fairchain],Stimulant,2056,0.630832079,1.430810106,1.246241522,0.711729514,,,
2,Coffee Arabica [Fairchain],Stimulant,2057,0.674480393,1.663945366,1.411394005,0.764885805,,,
2,Coffee Arabica [Fairchain],Stimulant,2058,0.666283854,1.588256639,1.353464726,0.750326941,,,
2,Coffee Arabica [Fairchain],Stimulant,2059,0.639756549,1.46550544,1.270657084,0.715161883,,,
2,Coffee Arabica [Fairchain],Stimulant,2060,0.648100238,1.42978418,1.239122726,0.718956866,,,
2,Coffee Arabica [Fairchain],Stimulant,2061,0.689403645,1.693435241,1.431765281,0.775870548,,,
2,Coffee Arabica [Fairchain],Stimulant,2062,0.649297511,1.5159356,1.313388696,0.733273942,,,
2,Coffee Arabica [Fairchain],Stimulant,2063,0.699686043,1.698166898,1.425256635,0.78715499,,,
2,Coffee Arabica [Fairchain],Stimulant,2064,0.914849249,1.730433674,1.501125967,1.011720554,,,
2,Cordia africana,Fruit,2024,0.068871448,0.099107411,0.096541737,0.075142764,,,
2,Cordia africana,Fruit,2025,0.066272811,0.079107224,0.075641755,0.06900676,,,
2,Cordia africana,Fruit,2026,0.077896351,0.089098472,0.084495806,0.077033562,,,
2,Cordia africana,Fruit,2027,0.071215574,0.086996687,0.083804103,0.075425455,,,
2,Cordia africana,Fruit,2028,0.073333933,0.085083124,0.081355093,0.075854145,,,
2,Cordia africana,Fruit,2029,0.129704335,0.130513556,0.124535331,0.131536215,,,
2,Cordia africana,Fruit,2030,0.077465288,0.091088564,0.088100987,0.086263998,,,
2,Cordia africana,Fruit,2031,0.066195146,0.065439115,0.061305222,0.061854626,,,
2,Cordia africana,Fruit,2032,0.089860934,0.103567597,0.099969899,0.09961595,,,
2,Cordia africana,Fruit,2033,0.065118242,0.077664241,0.074728585,0.070856224,,,
2,Cordia africana,Fruit,2034,0.05915143,0.065991739,0.062294487,0.059706728,,,
2,Cordia africana,Fruit,2035,0.044273703,0.052508935,0.049168939,0.045800939,,,
2,Cordia africana,Fruit,2036,0.040925009,0.049725313,0.046601411,0.04219576,,,
2,Cordia africana,Fruit,2037,0.049711995,0.060676739,0.057670841,0.051476169,,,
2,Cordia africana,Fruit,2038,0.039874416,0.051174479,0.048481895,0.043110138,,,
2,Cordia africana,Fruit,2039,0.055607138,0.066293866,0.063007264,0.057903705,,,
2,Cordia africana,Fruit,2040,0.071902516,0.083226641,0.078864435,0.071839017,,,
2,Cordia africana,Fruit,2041,0.08334919,0.098590093,0.093278021,0.08564226,,,
2,Cordia africana,Fruit,2042,0.077022838,0.095716273,0.091872439,0.085526098,,,
2,Cordia africana,Fruit,2043,0.056528569,0.072078717,0.068963862,0.063099752,,,
2,Cordia africana,Fruit,2044,0.049236482,0.056524645,0.053932457,0.049989456,,,
2,Cordia africana,Fruit,2045,0.056449271,0.069992678,0.066219378,0.059271255,,,
2,Cordia africana,Fruit,2046,0.050960102,0.059980987,0.057201504,0.053079519,,,
2,Cordia africana,Fruit,2047,0.078380023,0.09452442,0.090261471,0.082652475,,,
2,Cordia africana,Fruit,2048,0.061705074,0.07585188,0.072808208,0.064796231,,,
2,Cordia africana,Fruit,2049,0.102561595,0.104937167,0.100734128,0.10438103,,,
2,Cordia africana,Fruit,2050,0.084022121,0.099172567,0.096454066,0.095563183,,,
2,Cordia africana,Fruit,2051,0.056370631,0.060578852,0.057772884,0.056678817,,,
2,Cordia africana,Fruit,2052,0.054782975,0.060369588,0.056043895,0.059470743,,,
2,Cordia africana,Fruit,2053,0.048222662,0.049050479,0.046896214,0.046352657,,,
2,Cordia africana,Fruit,2054,0.077539495,0.089294566,0.084956236,0.079734503,,,
2,Cordia africana,Fruit,2055,0.068662774,0.078974008,0.075182597,0.070542528,,,
2,Cordia africana,Fruit,2056,0.051094225,0.061730392,0.05908761,0.054609649,,,
2,Cordia africana,Fruit,2057,0.076864756,0.096996059,0.092308187,0.085253236,,,
2,Cordia africana,Fruit,2058,0.065211827,0.076491445,0.073081121,0.067624089,,,
2,Cordia africana,Fruit,2059,0.049484312,0.062414438,0.05918198,0.053201136,,,
2,Cordia africana,Fruit,2060,0.057239811,0.065709392,0.062571893,0.057545607,,,
2,Cordia africana,Fruit,2061,0.085433006,0.104645228,0.098817704,0.089152748,,,
2,Cordia africana,Fruit,2062,0.065049009,0.077613622,0.073858849,0.067715886,,,
2,Cordia africana,Fruit,2063,0.095424166,0.113133954,0.107813973,0.09917161,,,
2,Cordia africana,Fruit,2064,0,0,0,0,,,
2,Cordia africana,FuelWood,2024,0,0,0,0,,,
2,Cordia africana,FuelWood,2025,0,0,0,0,,,
2,Cordia africana,FuelWood,2026,0.168745692,0.202586558,0.194546425,0.175642606,,,
2,Cordia africana,FuelWood,2027,0,0,0,0,,,
2,Cordia africana,FuelWood,2028,0,0,0,0,,,
2,Cordia africana,FuelWood,2029,0,0,0,0,,,
2,Cordia africana,FuelWood,2030,0.200996375,0.236162917,0.226682521,0.210231701,,,
2,Cordia africana,FuelWood,2031,0,0,0,0,,,
2,Cordia africana,FuelWood,2032,0,0,0,0,,,
2,Cordia africana,FuelWood,2033,0,0,0,0,,,
2,Cordia africana,FuelWood,2034,0.213763984,0.24712383,0.236995327,0.223297254,,,
2,Cordia africana,FuelWood,2035,0,0,0,0,,,
2,Cordia africana,FuelWood,2036,0,0,0,0,,,
2,Cordia africana,FuelWood,2037,0,0,0,0,,,
2,Cordia africana,FuelWood,2038,0.201984447,0.235401358,0.224995703,0.210675875,,,
2,Cordia africana,FuelWood,2039,0,0,0,0,,,
2,Cordia africana,FuelWood,2040,0,0,0,0,,,
2,Cordia africana,FuelWood,2041,0,0,0,0,,,
2,Cordia africana,FuelWood,2042,0.211258253,0.248211411,0.236791623,0.220366045,,,
2,Cordia africana,FuelWood,2043,0,0,0,0,,,
2,Cordia africana,FuelWood,2044,0,0,0,0,,,
2,Cordia africana,FuelWood,2045,0,0,0,0,,,
2,Cordia africana,FuelWood,2046,0.208286992,0.246678255,0.235329905,0.218234473,,,
2,Cordia africana,FuelWood,2047,0,0,0,0,,,
2,Cordia africana,FuelWood,2048,0,0,0,0,,,
2,Cordia africana,FuelWood,2049,0.222834993,0.261046854,0.249283511,0.232854799,,,
2,Cordia africana,FuelWood,2050,0,0,0,0,,,
2,Cordia africana,FuelWood,2051,0,0,0,0,,,
2,Cordia africana,FuelWood,2052,0,0,0,0,,,
2,Cordia africana,FuelWood,2053,0.220374524,0.255069682,0.243536618,0.23115711,,,
2,Cordia africana,FuelWood,2054,0,0,0,0,,,
2,Cordia africana,FuelWood,2055,0,0,0,0,,,
2,Cordia africana,FuelWood,2056,0,0,0,0,,,
2,Cordia africana,FuelWood,2057,0.22454801,0.261548492,0.249698896,0.236061438,,,
2,Cordia africana,FuelWood,2058,0,0,0,0,,,
2,Cordia africana,FuelWood,2059,0,0,0,0,,,
2,Cordia africana,FuelWood,2060,0,0,0,0,,,
2,Cordia africana,FuelWood,2061,0.224979353,0.263659996,0.251351994,0.23571709,,,
2,Cordia africana,FuelWood,2062,0,0,0,0,,,
2,Cordia africana,FuelWood,2063,2.273033875,2.675042112,2.549293845,2.379559465,,,
2,Cordia africana,FuelWood,2064,0,0,0,0,,,
2,Cordia africana,ConstructionWood,2024,0,0,0,0,,,
2,Cordia africana,ConstructionWood,2025,0,0,0,0,,,
2,Cordia africana,ConstructionWood,2026,0,0,0,0,,,
2,Cordia africana,ConstructionWood,2027,0,0,0,0,,,
2,Cordia africana,ConstructionWood,2028,0,0,0,0,,,
2,Cordia africana,ConstructionWood,2029,0,0,0,0,,,
2,Cordia africana,ConstructionWood,2030,0,0,0,0,,,
2,Cordia africana,ConstructionWood,2031,0,0,0,0,,,
2,Cordia africana,ConstructionWood,2032,0,0,0,0,,,
2,Cordia africana,ConstructionWood,2033,0,0,0,0,,,
2,Cordia africana,ConstructionWood,2034,0,0,0,0,,,
2,Cordia africana,ConstructionWood,2035,0,0,0,0,,,
2,Cordia africana,ConstructionWood,2036,0,0,0,0,,,
2,Cordia africana,ConstructionWood,2037,0,0,0,0,,,
2,Cordia africana,ConstructionWood,2038,0,0,0,0,,,
2,Cordia africana,ConstructionWood,2039,0,0,0,0,,,
2,Cordia africana,ConstructionWood,2040,0,0,0,0,,,
2,Cordia africana,ConstructionWood,2041,0,0,0,0,,,
2,Cordia africana,ConstructionWood,2042,0,0,0,0,,,
2,Cordia africana,ConstructionWood,2043,0,0,0,0,,,
2,Cordia africana,ConstructionWood,2044,0,0,0,0,,,
2,Cordia africana,ConstructionWood,2045,0,0,0,0,,,
2,Cordia africana,ConstructionWood,2046,0,0,0,0,,,
2,Cordia africana,ConstructionWood,2047,0,0,0,0,,,
2,Cordia africana,ConstructionWood,2048,0,0,0,0,,,
2,Cordia africana,ConstructionWood,2049,0,0,0,0,,,
2,Cordia africana,ConstructionWood,2050,0,0,0,0,,,
2,Cordia africana,ConstructionWood,2051,0,0,0,0,,,
2,Cordia africana,ConstructionWood,2052,0,0,0,0,,,
2,Cordia africana,ConstructionWood,2053,0,0,0,0,,,
2,Cordia africana,ConstructionWood,2054,0,0,0,0,,,
2,Cordia africana,ConstructionWood,2055,0,0,0,0,,,
2,Cordia africana,ConstructionWood,2056,0,0,0,0,,,
2,Cordia africana,ConstructionWood,2057,0,0,0,0,,,
2,Cordia africana,ConstructionWood,2058,0,0,0,0,,,
2,Cordia africana,ConstructionWood,2059,0,0,0,0,,,
2,Cordia africana,ConstructionWood,2060,0,0,0,0,,,
2,Cordia africana,ConstructionWood,2061,0,0,0,0,,,
2,Cordia africana,ConstructionWood,2062,0,0,0,0,,,
2,Cordia africana,ConstructionWood,2063,20.0478431,23.41365691,22.36446587,20.96699957,,,
2,Cordia africana,ConstructionWood,2064,0,0,0,0,,,
2,Ficus vasta,Fruit (local),2024,0.12559795,0.168340785,0.166368605,0.136647969,,,
2,Ficus vasta,Fruit (local),2025,0.127048198,0.144751407,0.140696742,0.130481423,,,
2,Ficus vasta,Fruit (local),2026,0.143557533,0.158171129,0.15218198,0.140023705,,,
2,Ficus vasta,Fruit (local),2027,0.141894143,0.166432879,0.160078677,0.146664511,,,
2,Ficus vasta,Fruit (local),2028,0.138590099,0.155504202,0.151277896,0.14093044,,,
2,Ficus vasta,Fruit (local),2029,0.249712745,0.254179769,0.245944559,0.254671049,,,
2,Ficus vasta,Fruit (local),2030,0.138120046,0.155492506,0.152386489,0.149424671,,,
2,Ficus vasta,Fruit (local),2031,0.116304969,0.116589721,0.110173666,0.11146542,,,
2,Ficus vasta,Fruit (local),2032,0.16326045,0.184065641,0.180121258,0.179113436,,,
2,Ficus vasta,Fruit (local),2033,0.124634091,0.141658919,0.137695749,0.132788757,,,
2,Ficus vasta,Fruit (local),2034,0.104765864,0.117818904,0.112658697,0.106916938,,,
2,Ficus vasta,Fruit (local),2035,0.082548521,0.09811264,0.093071647,0.086358188,,,
2,Ficus vasta,Fruit (local),2036,0.075861498,0.092614077,0.087623422,0.080163312,,,
2,Ficus vasta,Fruit (local),2037,0.09257737,0.112980693,0.107465053,0.097600738,,,
2,Ficus vasta,Fruit (local),2038,0.076525927,0.096305368,0.091248492,0.081773005,,,
2,Ficus vasta,Fruit (local),2039,0.10908345,0.120839341,0.116567946,0.109004503,,,
2,Ficus vasta,Fruit (local),2040,0.129998316,0.145442397,0.139669231,0.127699215,,,
2,Ficus vasta,Fruit (local),2041,0.160610269,0.181645543,0.174703657,0.1628122,,,
2,Ficus vasta,Fruit (local),2042,0.148739789,0.180665385,0.174868163,0.163357754,,,
2,Ficus vasta,Fruit (local),2043,0.102864214,0.128860434,0.124076804,0.11385647,,,
2,Ficus vasta,Fruit (local),2044,0.092870842,0.101754174,0.098650153,0.092208389,,,
2,Ficus vasta,Fruit (local),2045,0.104183304,0.127361987,0.121637755,0.109626929,,,
2,Ficus vasta,Fruit (local),2046,0.099631872,0.113717999,0.109676039,0.10231801,,,
2,Ficus vasta,Fruit (local),2047,0.140606902,0.170460744,0.164446609,0.150840205,,,
2,Ficus vasta,Fruit (local),2048,0.111555492,0.133815987,0.129631334,0.11643806,,,
2,Ficus vasta,Fruit (local),2049,0.193722892,0.192389344,0.187120534,0.191318943,,,
2,Ficus vasta,Fruit (local),2050,0.148815822,0.171985217,0.168262084,0.166324119,,,
2,Ficus vasta,Fruit (local),2051,0.103000194,0.110578549,0.106137528,0.104455409,,,
2,Ficus vasta,Fruit (local),2052,0.099061201,0.106665097,0.100130337,0.105513649,,,
2,Ficus vasta,Fruit (local),2053,0.090333552,0.093053993,0.089419683,0.088754233,,,
2,Ficus vasta,Fruit (local),2054,0.142070917,0.153671372,0.148609392,0.142120939,,,
2,Ficus vasta,Fruit (local),2055,0.125169079,0.140466574,0.134717146,0.127123242,,,
2,Ficus vasta,Fruit (local),2056,0.101524089,0.118035929,0.114047538,0.106301894,,,
2,Ficus vasta,Fruit (local),2057,0.14332322,0.175358169,0.169050475,0.158383324,,,
2,Ficus vasta,Fruit (local),2058,0.116326794,0.13570378,0.130445409,0.120877405,,,
2,Ficus vasta,Fruit (local),2059,0.092809286,0.112837258,0.108075657,0.097964134,,,
2,Ficus vasta,Fruit (local),2060,0.104993034,0.118361218,0.114016812,0.105468521,,,
2,Ficus vasta,Fruit (local),2061,0.164338975,0.188823542,0.181184867,0.166934003,,,
2,Ficus vasta,Fruit (local),2062,0.122716836,0.147320712,0.141417402,0.129645951,,,
2,Ficus vasta,Fruit (local),2063,0.178572082,0.199492841,0.193795505,0.181940548,,,
2,Ficus vasta,Fruit (local),2064,0,0,0,0,,,
2,Ficus vasta,FuelWood,2024,0,0,0,0,,,
2,Ficus vasta,FuelWood,2025,0.110776665,0.129642146,0.125819161,0.114823433,,,
2,Ficus vasta,FuelWood,2026,0,0,0,0,,,
2,Ficus vasta,FuelWood,2027,0.118430963,0.137739388,0.133419642,0.121918358,,,
2,Ficus vasta,FuelWood,2028,0,0,0,0,,,
2,Ficus vasta,FuelWood,2029,0.134564338,0.152542096,0.147792283,0.138138121,,,
2,Ficus vasta,FuelWood,2030,0,0,0,0,,,
2,Ficus vasta,FuelWood,2031,0.135230897,0.151765961,0.14693313,0.138774272,,,
2,Ficus vasta,FuelWood,2032,0,0,0,0,,,
2,Ficus vasta,FuelWood,2033,0.13885911,0.156084808,0.151341848,0.144017112,,,
2,Ficus vasta,FuelWood,2034,0,0,0,0,,,
2,Ficus vasta,FuelWood,2035,0.1325631,0.149516349,0.144633884,0.137398187,,,
2,Ficus vasta,FuelWood,2036,0,0,0,0,,,
2,Ficus vasta,FuelWood,2037,0.125652115,0.143174465,0.138147004,0.130530371,,,
2,Ficus vasta,FuelWood,2038,0,0,0,0,,,
2,Ficus vasta,FuelWood,2039,0.121539149,0.138991592,0.133955523,0.126056597,,,
2,Ficus vasta,FuelWood,2040,0,0,0,0,,,
2,Ficus vasta,FuelWood,2041,0.127900063,0.145781011,0.140418523,0.131646225,,,
2,Ficus vasta,FuelWood,2042,0,0,0,0,,,
2,Ficus vasta,FuelWood,2043,0.129407904,0.149622357,0.144192135,0.134895601,,,
2,Ficus vasta,FuelWood,2044,0,0,0,0,,,
2,Ficus vasta,FuelWood,2045,0.125684337,0.145462807,0.140132643,0.130694359,,,
2,Ficus vasta,FuelWood,2046,0,0,0,0,,,
2,Ficus vasta,FuelWood,2047,0.126671618,0.147198146,0.141837638,0.132045195,,,
2,Ficus vasta,FuelWood,2048,0,0,0,0,,,
2,Ficus vasta,FuelWood,2049,0.133621577,0.152550218,0.147222661,0.138294203,,,
2,Ficus vasta,FuelWood,2050,0,0,0,0,,,
2,Ficus vasta,FuelWood,2051,0.134178577,0.152716939,0.147537083,0.139791977,,,
2,Ficus vasta,FuelWood,2052,0,0,0,0,,,
2,Ficus vasta,FuelWood,2053,0.12888896,0.145217889,0.139980549,0.133984047,,,
2,Ficus vasta,FuelWood,2054,0,0,0,0,,,
2,Ficus vasta,FuelWood,2055,0.131727132,0.14777717,0.142426996,0.136142198,,,
2,Ficus vasta,FuelWood,2056,0,0,0,0,,,
2,Ficus vasta,FuelWood,2057,0.132108198,0.149969449,0.144569732,0.137638471,,,
2,Ficus vasta,FuelWood,2058,0,0,0,0,,,
2,Ficus vasta,FuelWood,2059,0.128990748,0.147476313,0.142066016,0.134483514,,,
2,Ficus vasta,FuelWood,2060,0,0,0,0,,,
2,Ficus vasta,FuelWood,2061,0.132155948,0.151032674,0.145423696,0.137002163,,,
2,Ficus vasta,FuelWood,2062,0,0,0,0,,,
2,Ficus vasta,FuelWood,2063,1.377450455,1.57624627,1.518942106,1.427126004,,,
2,Ficus vasta,FuelWood,2064,0,0,0,0,,,
2,Ficus vasta,FuelWood,2024,0,0,0,0,,,
2,Ficus vasta,FuelWood,2025,0,0,0,0,,,
2,Ficus vasta,FuelWood,2026,0,0,0,0,,,
2,Ficus vasta,FuelWood,2027,0,0,0,0,,,
2,Ficus vasta,FuelWood,2028,0,0,0,0,,,
2,Ficus vasta,FuelWood,2029,0,0,0,0,,,
2,Ficus vasta,FuelWood,2030,0,0,0,0,,,
2,Ficus vasta,FuelWood,2031,0,0,0,0,,,
2,Ficus vasta,FuelWood,2032,0,0,0,0,,,
2,Ficus vasta,FuelWood,2033,0,0,0,0,,,
2,Ficus vasta,FuelWood,2034,0,0,0,0,,,
2,Ficus vasta,FuelWood,2035,0,0,0,0,,,
2,Ficus vasta,FuelWood,2036,0,0,0,0,,,
2,Ficus vasta,FuelWood,2037,0,0,0,0,,,
2,Ficus vasta,FuelWood,2038,0,0,0,0,,,
2,Ficus vasta,FuelWood,2039,0,0,0,0,,,
2,Ficus vasta,FuelWood,2040,0,0,0,0,,,
2,Ficus vasta,FuelWood,2041,0,0,0,0,,,
2,Ficus vasta,FuelWood,2042,0,0,0,0,,,
2,Ficus vasta,FuelWood,2043,0,0,0,0,,,
2,Ficus vasta,FuelWood,2044,0,0,0,0,,,
2,Ficus vasta,FuelWood,2045,0,0,0,0,,,
2,Ficus vasta,FuelWood,2046,0,0,0,0,,,
2,Ficus vasta,FuelWood,2047,0,0,0,0,,,
2,Ficus vasta,FuelWood,2048,0,0,0,0,,,
2,Ficus vasta,FuelWood,2049,0,0,0,0,,,
2,Ficus vasta,FuelWood,2050,0,0,0,0,,,
2,Ficus vasta,FuelWood,2051,0,0,0,0,,,
2,Ficus vasta,FuelWood,2052,0,0,0,0,,,
2,Ficus vasta,FuelWood,2053,0,0,0,0,,,
2,Ficus vasta,FuelWood,2054,0,0,0,0,,,
2,Ficus vasta,FuelWood,2055,0,0,0,0,,,
2,Ficus vasta,FuelWood,2056,0,0,0,0,,,
2,Ficus vasta,FuelWood,2057,0,0,0,0,,,
2,Ficus vasta,FuelWood,2058,0,0,0,0,,,
2,Ficus vasta,FuelWood,2059,0,0,0,0,,,
2,Ficus vasta,FuelWood,2060,0,0,0,0,,,
2,Ficus vasta,FuelWood,2061,0,0,0,0,,,
2,Ficus vasta,FuelWood,2062,0,0,0,0,,,
2,Ficus vasta,FuelWood,2063,13.61327609,15.44448759,14.90841969,14.0914346,,,
2,Ficus vasta,FuelWood,2064,0,0,0,0,,,
2,Albizia gummifera,FuelWood,2024,0.057300987,0.065880897,0.063628941,0.058731365,,,
2,Albizia gummifera,FuelWood,2025,0.058308682,0.066934343,0.064532405,0.059751113,,,
2,Albizia gummifera,FuelWood,2026,0.061578262,0.069366089,0.066924479,0.06227524,,,
2,Albizia gummifera,FuelWood,2027,0.06346442,0.071263408,0.068665016,0.064283332,,,
2,Albizia gummifera,FuelWood,2028,0.065097409,0.072865494,0.07014221,0.066088986,,,
2,Albizia gummifera,FuelWood,2029,0.074074774,0.080851665,0.07766714,0.075067338,,,
2,Albizia gummifera,FuelWood,2030,0.074332805,0.081837899,0.078718613,0.076256159,,,
2,Albizia gummifera,FuelWood,2031,0.072424475,0.07875698,0.075672346,0.073530949,,,
2,Albizia gummifera,FuelWood,2032,0.075468308,0.082074527,0.079006617,0.077314982,,,
2,Albizia gummifera,FuelWood,2033,0.074221043,0.081316175,0.078207985,0.076676768,,,
2,Albizia gummifera,FuelWood,2034,0.072121171,0.078787806,0.075642824,0.074150693,,,
2,Albizia gummifera,FuelWood,2035,0.067855843,0.074552215,0.071440789,0.06987524,,,
2,Albizia gummifera,FuelWood,2036,0.063731362,0.070478668,0.067492013,0.065780514,,,
2,Albizia gummifera,FuelWood,2037,0.061264023,0.068152059,0.065375053,0.063364264,,,
2,Albizia gummifera,FuelWood,2038,0.058192494,0.065230383,0.062613329,0.060405907,,,
2,Albizia gummifera,FuelWood,2039,0.057975791,0.064703872,0.062109382,0.060077661,,,
2,Albizia gummifera,FuelWood,2040,0.05991323,0.066080771,0.063379453,0.061086247,,,
2,Albizia gummifera,FuelWood,2041,0.063890503,0.070047022,0.067081585,0.064802443,,,
2,Albizia gummifera,FuelWood,2042,0.066399772,0.073541015,0.070488699,0.068316233,,,
2,Albizia gummifera,FuelWood,2043,0.064993673,0.072869684,0.06987792,0.067569676,,,
2,Albizia gummifera,FuelWood,2044,0.062677928,0.0698528,0.067016904,0.064783419,,,
2,Albizia gummifera,FuelWood,2045,0.061271772,0.068745781,0.065841585,0.063319717,,,
2,Albizia gummifera,FuelWood,2046,0.059836842,0.066951874,0.064127415,0.061724638,,,
2,Albizia gummifera,FuelWood,2047,0.062176174,0.069812576,0.066881843,0.06426453,,,
2,Albizia gummifera,FuelWood,2048,0.061443852,0.069336821,0.066458665,0.063526854,,,
2,Albizia gummifera,FuelWood,2049,0.066841007,0.073677939,0.070671229,0.068649015,,,
2,Albizia gummifera,FuelWood,2050,0.06880362,0.076791997,0.073901685,0.072050619,,,
2,Albizia gummifera,FuelWood,2051,0.066373385,0.073642055,0.070844019,0.069149035,,,
2,Albizia gummifera,FuelWood,2052,0.064503092,0.070868423,0.067981193,0.066994375,,,
2,Albizia gummifera,FuelWood,2053,0.062102838,0.067289721,0.064544044,0.063805407,,,
2,Albizia gummifera,FuelWood,2054,0.064579272,0.069206492,0.066429346,0.065638276,,,
2,Albizia gummifera,FuelWood,2055,0.064607301,0.069222592,0.066380591,0.065426079,,,
2,Albizia gummifera,FuelWood,2056,0.063068635,0.067866294,0.06508075,0.064081918,,,
2,Albizia gummifera,FuelWood,2057,0.065219149,0.07136541,0.06845212,0.067161918,,,
2,Albizia gummifera,FuelWood,2058,0.06457718,0.07082816,0.067914962,0.06643454,,,
2,Albizia gummifera,FuelWood,2059,0.062555448,0.068738614,0.065883502,0.064171487,,,
2,Albizia gummifera,FuelWood,2060,0.061314615,0.06730065,0.064478201,0.062630525,,,
2,Albizia gummifera,FuelWood,2061,0.065212549,0.071473891,0.068325551,0.066128098,,,
2,Albizia gummifera,FuelWood,2062,0.065608779,0.072029966,0.068820879,0.066562864,,,
2,Albizia gummifera,FuelWood,2063,0.701946389,0.769440912,0.73571439,0.711289783,,,
2,Albizia gummifera,FuelWood,2064,0.001588102,0.001834212,0.001774935,0.001705601,,,
2,Albizia gummifera,ConstructionWood,2024,0,0,0,0,,,
2,Albizia gummifera,ConstructionWood,2025,0,0,0,0,,,
2,Albizia gummifera,ConstructionWood,2026,0,0,0,0,,,
2,Albizia gummifera,ConstructionWood,2027,0,0,0,0,,,
2,Albizia gummifera,ConstructionWood,2028,0,0,0,0,,,
2,Albizia gummifera,ConstructionWood,2029,0,0,0,0,,,
2,Albizia gummifera,ConstructionWood,2030,0,0,0,0,,,
2,Albizia gummifera,ConstructionWood,2031,0,0,0,0,,,
2,Albizia gummifera,ConstructionWood,2032,0,0,0,0,,,
2,Albizia gummifera,ConstructionWood,2033,0,0,0,0,,,
2,Albizia gummifera,ConstructionWood,2034,0,0,0,0,,,
2,Albizia gummifera,ConstructionWood,2035,0,0,0,0,,,
2,Albizia gummifera,ConstructionWood,2036,0,0,0,0,,,
2,Albizia gummifera,ConstructionWood,2037,0,0,0,0,,,
2,Albizia gummifera,ConstructionWood,2038,0,0,0,0,,,
2,Albizia gummifera,ConstructionWood,2039,0,0,0,0,,,
2,Albizia gummifera,ConstructionWood,2040,0,0,0,0,,,
2,Albizia gummifera,ConstructionWood,2041,0,0,0,0,,,
2,Albizia gummifera,ConstructionWood,2042,0,0,0,0,,,
2,Albizia gummifera,ConstructionWood,2043,0,0,0,0,,,
2,Albizia gummifera,ConstructionWood,2044,0,0,0,0,,,
2,Albizia gummifera,ConstructionWood,2045,0,0,0,0,,,
2,Albizia gummifera,ConstructionWood,2046,0,0,0,0,,,
2,Albizia gummifera,ConstructionWood,2047,0,0,0,0,,,
2,Albizia gummifera,ConstructionWood,2048,0,0,0,0,,,
2,Albizia gummifera,ConstructionWood,2049,0,0,0,0,,,
2,Albizia gummifera,ConstructionWood,2050,0,0,0,0,,,
2,Albizia gummifera,ConstructionWood,2051,0,0,0,0,,,
2,Albizia gummifera,ConstructionWood,2052,0,0,0,0,,,
2,Albizia gummifera,ConstructionWood,2053,0,0,0,0,,,
2,Albizia gummifera,ConstructionWood,2054,0,0,0,0,,,
2,Albizia gummifera,ConstructionWood,2055,0,0,0,0,,,
2,Albizia gummifera,ConstructionWood,2056,0,0,0,0,,,
2,Albizia gummifera,ConstructionWood,2057,0,0,0,0,,,
2,Albizia gummifera,ConstructionWood,2058,0,0,0,0,,,
2,Albizia gummifera,ConstructionWood,2059,0,0,0,0,,,
2,Albizia gummifera,ConstructionWood,2060,0,0,0,0,,,
2,Albizia gummifera,ConstructionWood,2061,0,0,0,0,,,
2,Albizia gummifera,ConstructionWood,2062,0,0,0,0,,,
2,Albizia gummifera,ConstructionWood,2063,8.099441524,8.888437216,8.527119751,8.283049174,,,
2,Albizia gummifera,ConstructionWood,2064,0,0,0,0,,,
2,Millettia ferruginea,FuelWood,2024,0,0,0,0,,,
2,Millettia ferruginea,FuelWood,2025,0,0,0,0,,,
2,Millettia ferruginea,FuelWood,2026,0.128377013,0.142730611,0.136665914,0.134388129,,,
2,Millettia ferruginea,FuelWood,2027,0,0,0,0,,,
2,Millettia ferruginea,FuelWood,2028,0,0,0,0,,,
2,Millettia ferruginea,FuelWood,2029,0.154277455,0.167418217,0.160343325,0.160222177,,,
2,Millettia ferruginea,FuelWood,2030,0,0,0,0,,,
2,Millettia ferruginea,FuelWood,2031,0,0,0,0,,,
2,Millettia ferruginea,FuelWood,2032,0.164601736,0.178290812,0.170941507,0.170930916,,,
2,Millettia ferruginea,FuelWood,2033,0,0,0,0,,,
2,Millettia ferruginea,FuelWood,2034,0,0,0,0,,,
2,Millettia ferruginea,FuelWood,2035,0.161568432,0.174920741,0.167358695,0.16794231,,,
2,Millettia ferruginea,FuelWood,2036,0,0,0,0,,,
2,Millettia ferruginea,FuelWood,2037,0,0,0,0,,,
2,Millettia ferruginea,FuelWood,2038,0.151241128,0.16556403,0.158005953,0.157873389,,,
2,Millettia ferruginea,FuelWood,2039,0,0,0,0,,,
2,Millettia ferruginea,FuelWood,2040,0,0,0,0,,,
2,Millettia ferruginea,FuelWood,2041,0.161216809,0.173678603,0.165851265,0.166167683,,,
2,Millettia ferruginea,FuelWood,2042,0,0,0,0,,,
2,Millettia ferruginea,FuelWood,2043,0,0,0,0,,,
2,Millettia ferruginea,FuelWood,2044,0.162823398,0.176192723,0.168777242,0.169692803,,,
2,Millettia ferruginea,FuelWood,2045,0,0,0,0,,,
2,Millettia ferruginea,FuelWood,2046,0,0,0,0,,,
2,Millettia ferruginea,FuelWood,2047,0.163750491,0.17683193,0.169636429,0.170217638,,,
2,Millettia ferruginea,FuelWood,2048,0,0,0,0,,,
2,Millettia ferruginea,FuelWood,2049,0,0,0,0,,,
2,Millettia ferruginea,FuelWood,2050,0.173202201,0.187862791,0.18050009,0.18112421,,,
2,Millettia ferruginea,FuelWood,2051,0,0,0,0,,,
2,Millettia ferruginea,FuelWood,2052,0,0,0,0,,,
2,Millettia ferruginea,FuelWood,2053,0.164784175,0.176474155,0.169235628,0.17041334,,,
2,Millettia ferruginea,FuelWood,2054,0,0,0,0,,,
2,Millettia ferruginea,FuelWood,2055,0,0,0,0,,,
2,Millettia ferruginea,FuelWood,2056,0.16765509,0.17766364,0.170371079,0.172148263,,,
2,Millettia ferruginea,FuelWood,2057,0,0,0,0,,,
2,Millettia ferruginea,FuelWood,2058,0,0,0,0,,,
2,Millettia ferruginea,FuelWood,2059,0.168294916,0.179352602,0.172213201,0.173795442,,,
2,Millettia ferruginea,FuelWood,2060,0,0,0,0,,,
2,Millettia ferruginea,FuelWood,2061,0,0,0,0,,,
2,Millettia ferruginea,FuelWood,2062,0.173677049,0.183845638,0.176131053,0.177880644,,,
2,Millettia ferruginea,FuelWood,2063,0,0,0,0,,,
2,Millettia ferruginea,FuelWood,2064,0,0,0,0,,,
3,Pepper  (local) [single vine;  Fairchain],Spice,2024,0,0,0,0,,,
3,Pepper  (local) [single vine;  Fairchain],Spice,2025,0,0,0,0,,,
3,Pepper  (local) [single vine;  Fairchain],Spice,2026,0.011251496,0.013295789,0.011803884,0.013078692,,,
3,Pepper  (local) [single vine;  Fairchain],Spice,2027,0.016296,0.019088253,0.017094663,0.018764193,,,
3,Pepper  (local) [single vine;  Fairchain],Spice,2028,0.01903577,0.022145416,0.019880794,0.021924368,,,
3,Pepper  (local) [single vine;  Fairchain],Spice,2029,0.024341686,0.027792692,0.024730206,0.027758275,,,
3,Pepper  (local) [single vine;  Fairchain],Spice,2030,0.017564599,0.020878815,0.018834621,0.020770426,,,
3,Pepper  (local) [single vine;  Fairchain],Spice,2031,0,0,0,0,,,
3,Pepper  (local) [single vine;  Fairchain],Spice,2032,0,0,0,0,,,
3,Pepper  (local) [single vine;  Fairchain],Spice,2033,0,0,0,0,,,
3,Pepper  (local) [single vine;  Fairchain],Spice,2034,0.011485693,0.013484713,0.011887479,0.013410628,,,
3,Pepper  (local) [single vine;  Fairchain],Spice,2035,0.014939327,0.017707534,0.015656528,0.017630669,,,
3,Pepper  (local) [single vine;  Fairchain],Spice,2036,0.015662932,0.018588101,0.016360475,0.018530971,,,
3,Pepper  (local) [single vine;  Fairchain],Spice,2037,0.01723239,0.020499519,0.018132556,0.020423666,,,
3,Pepper  (local) [single vine;  Fairchain],Spice,2038,0.01506696,0.018447554,0.016486944,0.018309437,,,
3,Pepper  (local) [single vine;  Fairchain],Spice,2039,0,0,0,0,,,
3,Pepper  (local) [single vine;  Fairchain],Spice,2040,0,0,0,0,,,
3,Pepper  (local) [single vine;  Fairchain],Spice,2041,0,0,0,0,,,
3,Pepper  (local) [single vine;  Fairchain],Spice,2042,0.015984806,0.018929605,0.016804789,0.018736917,,,
3,Pepper  (local) [single vine;  Fairchain],Spice,2043,0.014781871,0.017833728,0.016082494,0.017663209,,,
3,Pepper  (local) [single vine;  Fairchain],Spice,2044,0.014452745,0.016669709,0.014987837,0.016470357,,,
3,Pepper  (local) [single vine;  Fairchain],Spice,2045,0.01809372,0.021469204,0.019015878,0.021280867,,,
3,Pepper  (local) [single vine;  Fairchain],Spice,2046,0.017196415,0.020082627,0.017930433,0.019762107,,,
3,Pepper  (local) [single vine;  Fairchain],Spice,2047,0,0,0,0,,,
3,Pepper  (local) [single vine;  Fairchain],Spice,2048,0,0,0,0,,,
3,Pepper  (local) [single vine;  Fairchain],Spice,2049,0,0,0,0,,,
3,Pepper  (local) [single vine;  Fairchain],Spice,2050,0.014782917,0.017425426,0.015738641,0.017390766,,,
3,Pepper  (local) [single vine;  Fairchain],Spice,2051,0.015180643,0.017657977,0.015520474,0.017594583,,,
3,Pepper  (local) [single vine;  Fairchain],Spice,2052,0.014602238,0.017290418,0.014941283,0.017248308,,,
3,Pepper  (local) [single vine;  Fairchain],Spice,2053,0.012194774,0.014212303,0.012562915,0.0141849,,,
3,Pepper  (local) [single vine;  Fairchain],Spice,2054,0.018311843,0.021515206,0.018956319,0.021469993,,,
3,Pepper  (local) [single vine;  Fairchain],Spice,2055,0,0,0,0,,,
3,Pepper  (local) [single vine;  Fairchain],Spice,2056,0,0,0,0,,,
3,Pepper  (local) [single vine;  Fairchain],Spice,2057,0,0,0,0,,,
3,Pepper  (local) [single vine;  Fairchain],Spice,2058,0.013959431,0.01652091,0.01457675,0.016489249,,,
3,Pepper  (local) [single vine;  Fairchain],Spice,2059,0.016007842,0.019231953,0.017167022,0.019161805,,,
3,Pepper  (local) [single vine;  Fairchain],Spice,2060,0.015537918,0.017986335,0.015963495,0.017966826,,,
3,Pepper  (local) [single vine;  Fairchain],Spice,2061,0.021554349,0.025485987,0.022802469,0.025314512,,,
3,Pepper  (local) [single vine;  Fairchain],Spice,2062,0.018559342,0.021884329,0.019488776,0.02174149,,,
3,Pepper  (local) [single vine;  Fairchain],Spice,2063,0,0,0,0,,,
3,Pepper  (local) [single vine;  Fairchain],Spice,2064,0,0,0,0,,,
3,Avocado (grafted) [Orchard],Fruit (improved),2024,0.052715733,0.106569811,0.095674799,0.059814446,,,
3,Avocado (grafted) [Orchard],Fruit (improved),2025,0.065651463,0.083304123,0.075893125,0.071572536,,,
3,Avocado (grafted) [Orchard],Fruit (improved),2026,0.078828032,0.091822423,0.083990779,0.081951027,,,
3,Avocado (grafted) [Orchard],Fruit (improved),2027,0.072475116,0.090399031,0.082188945,0.080924319,,,
3,Avocado (grafted) [Orchard],Fruit (improved),2028,0.073005211,0.085604104,0.079511688,0.078695099,,,
3,Avocado (grafted) [Orchard],Fruit (improved),2029,0.119382005,0.128799127,0.116375299,0.12947649,,,
3,Avocado (grafted) [Orchard],Fruit (improved),2030,0.085897311,0.103318578,0.095742748,0.102981696,,,
3,Avocado (grafted) [Orchard],Fruit (improved),2031,0.069753949,0.071778897,0.066839382,0.068972612,,,
3,Avocado (grafted) [Orchard],Fruit (improved),2032,0.092318525,0.104498355,0.095741274,0.104030923,,,
3,Avocado (grafted) [Orchard],Fruit (improved),2033,0.06948921,0.079018524,0.073123474,0.078849801,,,
3,Avocado (grafted) [Orchard],Fruit (improved),2034,0.060572336,0.069339943,0.06228847,0.068649121,,,
3,Avocado (grafted) [Orchard],Fruit (improved),2035,0.04573535,0.051913961,0.048369217,0.053382864,,,
3,Avocado (grafted) [Orchard],Fruit (improved),2036,0.042732433,0.049109395,0.045895624,0.050596217,,,
3,Avocado (grafted) [Orchard],Fruit (improved),2037,0.052651957,0.060972467,0.056870077,0.061680308,,,
3,Avocado (grafted) [Orchard],Fruit (improved),2038,0.044420159,0.053152189,0.049146382,0.050261349,,,
3,Avocado (grafted) [Orchard],Fruit (improved),2039,0.05554796,0.067174175,0.060475893,0.06120469,,,
3,Avocado (grafted) [Orchard],Fruit (improved),2040,0.070568748,0.084131273,0.075684952,0.076429119,,,
3,Avocado (grafted) [Orchard],Fruit (improved),2041,0.079019355,0.095684926,0.085901672,0.084798379,,,
3,Avocado (grafted) [Orchard],Fruit (improved),2042,0.076447646,0.096364638,0.088127783,0.087238555,,,
3,Avocado (grafted) [Orchard],Fruit (improved),2043,0.05781749,0.072971876,0.067761228,0.066117451,,,
3,Avocado (grafted) [Orchard],Fruit (improved),2044,0.048622942,0.056337061,0.051694641,0.051408944,,,
3,Avocado (grafted) [Orchard],Fruit (improved),2045,0.057453667,0.070745739,0.065352941,0.0643988,,,
3,Avocado (grafted) [Orchard],Fruit (improved),2046,0,0,0,0,,,
3,Avocado (grafted) [Orchard],Fruit (improved),2047,0,0,0,0,,,
3,Avocado (grafted) [Orchard],Fruit (improved),2048,0,0,0,0,,,
3,Avocado (grafted) [Orchard],Fruit (improved),2049,0,0,0,0,,,
3,Avocado (grafted) [Orchard],Fruit (improved),2050,0.060711617,0.070848234,0.064686317,0.071072732,,,
3,Avocado (grafted) [Orchard],Fruit (improved),2051,0.051668623,0.053784874,0.049530014,0.053631171,,,
3,Avocado (grafted) [Orchard],Fruit (improved),2052,0.051144012,0.055058026,0.048669955,0.055646213,,,
3,Avocado (grafted) [Orchard],Fruit (improved),2053,0.051184883,0.055600306,0.050874063,0.056011616,,,
3,Avocado (grafted) [Orchard],Fruit (improved),2054,0.082474975,0.093564586,0.084297983,0.093495068,,,
3,Avocado (grafted) [Orchard],Fruit (improved),2055,0.077025646,0.09014519,0.082100104,0.090755967,,,
3,Avocado (grafted) [Orchard],Fruit (improved),2056,0.053825979,0.064811502,0.058931477,0.06475813,,,
3,Avocado (grafted) [Orchard],Fruit (improved),2057,0.0819658,0.103021797,0.094296954,0.1032328,,,
3,Avocado (grafted) [Orchard],Fruit (improved),2058,0.072314901,0.084980461,0.078375689,0.081816077,,,
3,Avocado (grafted) [Orchard],Fruit (improved),2059,0.051392098,0.063983707,0.0583917,0.058752601,,,
3,Avocado (grafted) [Orchard],Fruit (improved),2060,0.060112455,0.070071906,0.064552289,0.065077432,,,
3,Avocado (grafted) [Orchard],Fruit (improved),2061,0.08427805,0.107021579,0.095592681,0.094068768,,,
3,Avocado (grafted) [Orchard],Fruit (improved),2062,0.065719406,0.077127586,0.070850093,0.069348985,,,
3,Avocado (grafted) [Orchard],Fruit (improved),2063,0.093632796,0.112335785,0.102215546,0.10051752,,,
3,Avocado (grafted) [Orchard],Fruit (improved),2064,0.057402473,0.067644744,0.062506096,0.062502223,,,
3,Avocado (grafted) [Orchard],Waste_Wood,2024,0.000753981,0.001081284,0.000980703,0.000828668,,,
3,Avocado (grafted) [Orchard],Waste_Wood,2025,0.000856688,0.001200682,0.00108987,0.000940066,,,
3,Avocado (grafted) [Orchard],Waste_Wood,2026,0.000984423,0.001331706,0.001210442,0.00106855,,,
3,Avocado (grafted) [Orchard],Waste_Wood,2027,0.001084522,0.001447433,0.001315694,0.001183025,,,
3,Avocado (grafted) [Orchard],Waste_Wood,2028,0.001177181,0.001540642,0.001404809,0.001281699,,,
3,Avocado (grafted) [Orchard],Waste_Wood,2029,0.001381352,0.001737063,0.001581176,0.001502658,,,
3,Avocado (grafted) [Orchard],Waste_Wood,2030,0.001481193,0.001850597,0.0016889,0.001635944,,,
3,Avocado (grafted) [Orchard],Waste_Wood,2031,0.001530538,0.001872747,0.001712549,0.001669727,,,
3,Avocado (grafted) [Orchard],Waste_Wood,2032,0.001633694,0.001977134,0.001808489,0.001790775,,,
3,Avocado (grafted) [Orchard],Waste_Wood,2033,0.001668886,0.002006664,0.001837704,0.00183627,,,
3,Avocado (grafted) [Orchard],Waste_Wood,2034,0.001678171,0.002008797,0.001836536,0.001851619,,,
3,Avocado (grafted) [Orchard],Waste_Wood,2035,0.001648402,0.001965852,0.001799613,0.00182629,,,
3,Avocado (grafted) [Orchard],Waste_Wood,2036,0.001613456,0.001919396,0.001759509,0.001795946,,,
3,Avocado (grafted) [Orchard],Waste_Wood,2037,0.001607133,0.001907583,0.001751197,0.001796827,,,
3,Avocado (grafted) [Orchard],Waste_Wood,2038,0.001580189,0.001876695,0.001723753,0.001768236,,,
3,Avocado (grafted) [Orchard],Waste_Wood,2039,0.001584164,0.001884504,0.00172778,0.001770228,,,
3,Avocado (grafted) [Orchard],Waste_Wood,2040,0.001626625,0.001935496,0.001770796,0.001811421,,,
3,Avocado (grafted) [Orchard],Waste_Wood,2041,0.001687141,0.002011786,0.001836367,0.001870568,,,
3,Avocado (grafted) [Orchard],Waste_Wood,2042,0.001735765,0.002083224,0.001902006,0.001930889,,,
3,Avocado (grafted) [Orchard],Waste_Wood,2043,0.00173203,0.002088028,0.001909319,0.00193142,,,
3,Avocado (grafted) [Orchard],Waste_Wood,2044,0.001704782,0.002049311,0.001874385,0.001893801,,,
3,Avocado (grafted) [Orchard],Waste_Wood,2045,0.592506654,0.721524175,0.659769976,0.65646929,,,
3,Avocado (grafted) [Orchard],Waste_Wood,2046,2.86002E-05,3.66911E-05,3.29292E-05,3.13843E-05,,,
3,Avocado (grafted) [Orchard],Waste_Wood,2047,0.000117695,0.00014732,0.000132692,0.000127413,,,
3,Avocado (grafted) [Orchard],Waste_Wood,2048,0.000245435,0.000300016,0.000274144,0.00026675,,,
3,Avocado (grafted) [Orchard],Waste_Wood,2049,0.000432394,0.000507252,0.000458961,0.000477283,,,
3,Avocado (grafted) [Orchard],Waste_Wood,2050,0.000550813,0.000645254,0.000585324,0.000618493,,,
3,Avocado (grafted) [Orchard],Waste_Wood,2051,0.000635499,0.000727123,0.000661482,0.000702308,,,
3,Avocado (grafted) [Orchard],Waste_Wood,2052,0.000711361,0.000804998,0.000728669,0.000783887,,,
3,Avocado (grafted) [Orchard],Waste_Wood,2053,0.000780589,0.000877345,0.000795566,0.00085915,,,
3,Avocado (grafted) [Orchard],Waste_Wood,2054,0.000924413,0.001041215,0.000942753,0.00102444,,,
3,Avocado (grafted) [Orchard],Waste_Wood,2055,0.001041481,0.001181765,0.001071261,0.00116804,,,
3,Avocado (grafted) [Orchard],Waste_Wood,2056,0.001088401,0.001244599,0.001128694,0.001231944,,,
3,Avocado (grafted) [Orchard],Waste_Wood,2057,0.001203924,0.001400706,0.001272504,0.001389706,,,
3,Avocado (grafted) [Orchard],Waste_Wood,2058,0.001284298,0.001496409,0.001362476,0.001478248,,,
3,Avocado (grafted) [Orchard],Waste_Wood,2059,0.001303807,0.001529765,0.001393184,0.001499701,,,
3,Avocado (grafted) [Orchard],Waste_Wood,2060,0.001343915,0.001575644,0.001436867,0.001535355,,,
3,Avocado (grafted) [Orchard],Waste_Wood,2061,0.001442939,0.001712909,0.001556882,0.001642767,,,
3,Avocado (grafted) [Orchard],Waste_Wood,2062,0.001485168,0.001760714,0.001602268,0.001676735,,,
3,Avocado (grafted) [Orchard],Waste_Wood,2063,0.001595854,0.001895346,0.001724756,0.001788292,,,
3,Avocado (grafted) [Orchard],Waste_Wood,2064,0.001603385,0.001902924,0.0017341,0.001792036,,,
3,Coffee Arabica [Fairchain],Stimulant,2024,0.563053808,1.833715279,1.541411529,0.6319066,,,
3,Coffee Arabica [Fairchain],Stimulant,2025,0.856388619,1.661367541,1.429192803,0.941317474,,,
3,Coffee Arabica [Fairchain],Stimulant,2026,1.046252309,1.631643513,1.398944699,1.142822162,,,
3,Coffee Arabica [Fairchain],Stimulant,2027,1.014402945,1.513054815,1.298102907,1.125083519,,,
3,Coffee Arabica [Fairchain],Stimulant,2028,1.133047273,1.62129913,1.399452673,1.249032648,,,
3,Coffee Arabica [Fairchain],Stimulant,2029,0,0,0,0,,,
3,Coffee Arabica [Fairchain],Stimulant,2030,0,0,0,0,,,
3,Coffee Arabica [Fairchain],Stimulant,2031,0,0,0,0,,,
3,Coffee Arabica [Fairchain],Stimulant,2032,0.306140299,0.374836261,0.313450743,0.374005169,,,
3,Coffee Arabica [Fairchain],Stimulant,2033,0.829857048,0.984199302,0.845656363,0.98148682,,,
3,Coffee Arabica [Fairchain],Stimulant,2034,1.05761582,1.398398945,1.205238688,1.391083433,,,
3,Coffee Arabica [Fairchain],Stimulant,2035,1.111637959,1.568641342,1.36792377,1.567127639,,,
3,Coffee Arabica [Fairchain],Stimulant,2036,1.068594115,1.522890866,1.336813887,1.52206612,,,
3,Coffee Arabica [Fairchain],Stimulant,2037,1.082691475,1.601583149,1.393364047,1.558721868,,,
3,Coffee Arabica [Fairchain],Stimulant,2038,1.056811006,1.551681638,1.360880925,1.26410816,,,
3,Coffee Arabica [Fairchain],Stimulant,2039,1.088227437,1.56825964,1.368411264,1.234128832,,,
3,Coffee Arabica [Fairchain],Stimulant,2040,1.150125898,1.707816348,1.465248706,1.304385524,,,
3,Coffee Arabica [Fairchain],Stimulant,2041,1.133197147,1.747907345,1.491523565,1.315816225,,,
3,Coffee Arabica [Fairchain],Stimulant,2042,1.129251584,1.763877707,1.505641708,1.306595774,,,
3,Coffee Arabica [Fairchain],Stimulant,2043,1.081223553,1.610966945,1.393486794,1.23037417,,,
3,Coffee Arabica [Fairchain],Stimulant,2044,1.071581216,1.485062351,1.306039466,1.183474142,,,
3,Coffee Arabica [Fairchain],Stimulant,2045,1.094878389,1.59393485,1.38126759,1.226513521,,,
3,Coffee Arabica [Fairchain],Stimulant,2046,1.03573525,1.435428763,1.258233852,1.169734112,,,
3,Coffee Arabica [Fairchain],Stimulant,2047,1.088778396,1.62375137,1.389802751,1.23359533,,,
3,Coffee Arabica [Fairchain],Stimulant,2048,1.185510368,1.712943482,1.481851952,1.320639493,,,
3,Coffee Arabica [Fairchain],Stimulant,2049,0,0,0,0,,,
3,Coffee Arabica [Fairchain],Stimulant,2050,0,0,0,0,,,
3,Coffee Arabica [Fairchain],Stimulant,2051,0,0,0,0,,,
3,Coffee Arabica [Fairchain],Stimulant,2052,0.285991668,0.336357688,0.287418945,0.336180138,,,
3,Coffee Arabica [Fairchain],Stimulant,2053,0.758317192,0.88129275,0.764120852,0.880487978,,,
3,Coffee Arabica [Fairchain],Stimulant,2054,1.214863276,1.470050868,1.250633531,1.468205665,,,
3,Coffee Arabica [Fairchain],Stimulant,2055,1.226089323,1.742846771,1.483733353,1.742400197,,,
3,Coffee Arabica [Fairchain],Stimulant,2056,1.089265573,1.587079948,1.380634365,1.586693874,,,
3,Coffee Arabica [Fairchain],Stimulant,2057,1.159463296,1.829883017,1.556356395,1.828948005,,,
3,Coffee Arabica [Fairchain],Stimulant,2058,1.134808818,1.724564916,1.472288706,1.593483399,,,
3,Coffee Arabica [Fairchain],Stimulant,2059,1.076638734,1.578137683,1.373116897,1.261416713,,,
3,Coffee Arabica [Fairchain],Stimulant,2060,1.084261585,1.552523284,1.348402874,1.227667558,,,
3,Coffee Arabica [Fairchain],Stimulant,2061,1.180552018,1.82937087,1.553405054,1.348217945,,,
3,Coffee Arabica [Fairchain],Stimulant,2062,1.114882231,1.646649508,1.429449707,1.253879368,,,
3,Coffee Arabica [Fairchain],Stimulant,2063,1.224338088,1.886496946,1.584654993,1.386547342,,,
3,Coffee Arabica [Fairchain],Stimulant,2064,1.341690255,1.879816545,1.639482736,1.499911629,,,
3,Cordia africana,Fruit,2024,0.042213531,0.058871323,0.056081151,0.04625295,,,
3,Cordia africana,Fruit,2025,0.035644016,0.040471762,0.038509165,0.03765771,,,
3,Cordia africana,Fruit,2026,0.040890771,0.043743745,0.041609914,0.041338331,,,
3,Cordia africana,Fruit,2027,0.038753055,0.042180021,0.040775847,0.041274722,,,
3,Cordia africana,Fruit,2028,0.03896156,0.041323573,0.039720623,0.040373097,,,
3,Cordia africana,Fruit,2029,0.063963831,0.064815371,0.061831403,0.064955122,,,
3,Cordia africana,Fruit,2030,0.04215333,0.047915842,0.046601759,0.047395253,,,
3,Cordia africana,Fruit,2031,0.032510614,0.032784945,0.031219423,0.0309575,,,
3,Cordia africana,Fruit,2032,0.048634334,0.051573235,0.050205694,0.051346987,,,
3,Cordia africana,Fruit,2033,0.035525379,0.038646766,0.03750596,0.038423341,,,
3,Cordia africana,Fruit,2034,0.02973282,0.031299057,0.02927889,0.030954466,,,
3,Cordia africana,Fruit,2035,0.022286851,0.02427155,0.022731724,0.024263278,,,
3,Cordia africana,Fruit,2036,0.020926145,0.022916852,0.021464317,0.022890217,,,
3,Cordia africana,Fruit,2037,0.025717366,0.028156487,0.026503195,0.028208532,,,
3,Cordia africana,Fruit,2038,0.021465911,0.024077245,0.022812626,0.023703537,,,
3,Cordia africana,Fruit,2039,0.030135946,0.03255366,0.030945675,0.032155445,,,
3,Cordia africana,Fruit,2040,0.037595734,0.040054748,0.037734378,0.039210037,,,
3,Cordia africana,Fruit,2041,0.044915423,0.048179695,0.045598216,0.046976446,,,
3,Cordia africana,Fruit,2042,0.041994045,0.04690708,0.045082409,0.04594903,,,
3,Cordia africana,Fruit,2043,0.029812231,0.034746066,0.03337729,0.033527899,,,
3,Cordia africana,Fruit,2044,0.026225585,0.027250379,0.026071732,0.026865508,,,
3,Cordia africana,Fruit,2045,0.02936288,0.033067561,0.031547817,0.032027768,,,
3,Cordia africana,Fruit,2046,0.027575213,0.029053347,0.027600982,0.028499539,,,
3,Cordia africana,Fruit,2047,0.043268612,0.046735525,0.044625987,0.045457135,,,
3,Cordia africana,Fruit,2048,0.033298698,0.036486499,0.035135963,0.035674486,,,
3,Cordia africana,Fruit,2049,0.052155378,0.05314609,0.051106864,0.053207295,,,
3,Cordia africana,Fruit,2050,0.045482728,0.051140184,0.049730772,0.051246814,,,
3,Cordia africana,Fruit,2051,0.029148492,0.028981186,0.027512918,0.028504756,,,
3,Cordia africana,Fruit,2052,0.027321558,0.027367688,0.025138713,0.02739229,,,
3,Cordia africana,Fruit,2053,0.024089536,0.023028659,0.021954175,0.023016241,,,
3,Cordia africana,Fruit,2054,0.041587987,0.041835066,0.040051035,0.041807172,,,
3,Cordia africana,Fruit,2055,0.036332326,0.037118796,0.034919984,0.037173149,,,
3,Cordia africana,Fruit,2056,0.028226905,0.03037753,0.028765442,0.030363102,,,
3,Cordia africana,Fruit,2057,0.04130036,0.047433624,0.045575916,0.047414886,,,
3,Cordia africana,Fruit,2058,0.034145985,0.036101836,0.034535592,0.035980625,,,
3,Cordia africana,Fruit,2059,0.025663022,0.029001233,0.027312247,0.028516722,,,
3,Cordia africana,Fruit,2060,0.029764143,0.031139852,0.029536069,0.030664949,,,
3,Cordia africana,Fruit,2061,0.0447857,0.049684399,0.046816907,0.048150389,,,
3,Cordia africana,Fruit,2062,0.035558576,0.03750443,0.035830045,0.036497512,,,
3,Cordia africana,Fruit,2063,0.051687593,0.055241982,0.052497907,0.054159166,,,
3,Cordia africana,Fruit,2064,0,0,0,0,,,
3,Cordia africana,FuelWood,2024,0,0,0,0,,,
3,Cordia africana,FuelWood,2025,0,0,0,0,,,
3,Cordia africana,FuelWood,2026,0.092487176,0.103153339,0.098588221,0.096502476,,,
3,Cordia africana,FuelWood,2027,0,0,0,0,,,
3,Cordia africana,FuelWood,2028,0,0,0,0,,,
3,Cordia africana,FuelWood,2029,0,0,0,0,,,
3,Cordia africana,FuelWood,2030,0.108477121,0.119462436,0.11443898,0.11387866,,,
3,Cordia africana,FuelWood,2031,0,0,0,0,,,
3,Cordia africana,FuelWood,2032,0,0,0,0,,,
3,Cordia africana,FuelWood,2033,0,0,0,0,,,
3,Cordia africana,FuelWood,2034,0.114407806,0.124277446,0.119224951,0.119463192,,,
3,Cordia africana,FuelWood,2035,0,0,0,0,,,
3,Cordia africana,FuelWood,2036,0,0,0,0,,,
3,Cordia africana,FuelWood,2037,0,0,0,0,,,
3,Cordia africana,FuelWood,2038,0.107213297,0.116680456,0.111507803,0.112915004,,,
3,Cordia africana,FuelWood,2039,0,0,0,0,,,
3,Cordia africana,FuelWood,2040,0,0,0,0,,,
3,Cordia africana,FuelWood,2041,0,0,0,0,,,
3,Cordia africana,FuelWood,2042,0.112364901,0.122340518,0.116662418,0.118718281,,,
3,Cordia africana,FuelWood,2043,0,0,0,0,,,
3,Cordia africana,FuelWood,2044,0,0,0,0,,,
3,Cordia africana,FuelWood,2045,0,0,0,0,,,
3,Cordia africana,FuelWood,2046,0.110762225,0.120951657,0.11546395,0.117519704,,,
3,Cordia africana,FuelWood,2047,0,0,0,0,,,
3,Cordia africana,FuelWood,2048,0,0,0,0,,,
3,Cordia africana,FuelWood,2049,0.118494144,0.128240489,0.122544633,0.125067963,,,
3,Cordia africana,FuelWood,2050,0,0,0,0,,,
3,Cordia africana,FuelWood,2051,0,0,0,0,,,
3,Cordia africana,FuelWood,2052,0,0,0,0,,,
3,Cordia africana,FuelWood,2053,0.11658007,0.125009584,0.119353606,0.122489705,,,
3,Cordia africana,FuelWood,2054,0,0,0,0,,,
3,Cordia africana,FuelWood,2055,0,0,0,0,,,
3,Cordia africana,FuelWood,2056,0,0,0,0,,,
3,Cordia africana,FuelWood,2057,0.119129487,0.12737533,0.121561685,0.125432596,,,
3,Cordia africana,FuelWood,2058,0,0,0,0,,,
3,Cordia africana,FuelWood,2059,0,0,0,0,,,
3,Cordia africana,FuelWood,2060,0,0,0,0,,,
3,Cordia africana,FuelWood,2061,0.118921576,0.127420896,0.121439348,0.125502547,,,
3,Cordia africana,FuelWood,2062,0,0,0,0,,,
3,Cordia africana,FuelWood,2063,1.207061326,1.294200669,1.232576144,1.272519246,,,
3,Cordia africana,FuelWood,2064,0,0,0,0,,,
3,Cordia africana,ConstructionWood,2024,0,0,0,0,,,
3,Cordia africana,ConstructionWood,2025,0,0,0,0,,,
3,Cordia africana,ConstructionWood,2026,0,0,0,0,,,
3,Cordia africana,ConstructionWood,2027,0,0,0,0,,,
3,Cordia africana,ConstructionWood,2028,0,0,0,0,,,
3,Cordia africana,ConstructionWood,2029,0,0,0,0,,,
3,Cordia africana,ConstructionWood,2030,0,0,0,0,,,
3,Cordia africana,ConstructionWood,2031,0,0,0,0,,,
3,Cordia africana,ConstructionWood,2032,0,0,0,0,,,
3,Cordia africana,ConstructionWood,2033,0,0,0,0,,,
3,Cordia africana,ConstructionWood,2034,0,0,0,0,,,
3,Cordia africana,ConstructionWood,2035,0,0,0,0,,,
3,Cordia africana,ConstructionWood,2036,0,0,0,0,,,
3,Cordia africana,ConstructionWood,2037,0,0,0,0,,,
3,Cordia africana,ConstructionWood,2038,0,0,0,0,,,
3,Cordia africana,ConstructionWood,2039,0,0,0,0,,,
3,Cordia africana,ConstructionWood,2040,0,0,0,0,,,
3,Cordia africana,ConstructionWood,2041,0,0,0,0,,,
3,Cordia africana,ConstructionWood,2042,0,0,0,0,,,
3,Cordia africana,ConstructionWood,2043,0,0,0,0,,,
3,Cordia africana,ConstructionWood,2044,0,0,0,0,,,
3,Cordia africana,ConstructionWood,2045,0,0,0,0,,,
3,Cordia africana,ConstructionWood,2046,0,0,0,0,,,
3,Cordia africana,ConstructionWood,2047,0,0,0,0,,,
3,Cordia africana,ConstructionWood,2048,0,0,0,0,,,
3,Cordia africana,ConstructionWood,2049,0,0,0,0,,,
3,Cordia africana,ConstructionWood,2050,0,0,0,0,,,
3,Cordia africana,ConstructionWood,2051,0,0,0,0,,,
3,Cordia africana,ConstructionWood,2052,0,0,0,0,,,
3,Cordia africana,ConstructionWood,2053,0,0,0,0,,,
3,Cordia africana,ConstructionWood,2054,0,0,0,0,,,
3,Cordia africana,ConstructionWood,2055,0,0,0,0,,,
3,Cordia africana,ConstructionWood,2056,0,0,0,0,,,
3,Cordia africana,ConstructionWood,2057,0,0,0,0,,,
3,Cordia africana,ConstructionWood,2058,0,0,0,0,,,
3,Cordia africana,ConstructionWood,2059,0,0,0,0,,,
3,Cordia africana,ConstructionWood,2060,0,0,0,0,,,
3,Cordia africana,ConstructionWood,2061,0,0,0,0,,,
3,Cordia africana,ConstructionWood,2062,0,0,0,0,,,
3,Cordia africana,ConstructionWood,2063,10.66849005,11.48844273,10.96772144,11.21736259,,,
3,Cordia africana,ConstructionWood,2064,0,0,0,0,,,
3,Ficus vasta,Fruit (local),2024,0.073935707,0.094632839,0.092657426,0.08021896,,,
3,Ficus vasta,Fruit (local),2025,0.068613718,0.073220004,0.07094417,0.069620173,,,
3,Ficus vasta,Fruit (local),2026,0.074850817,0.077621959,0.074541734,0.073917846,,,
3,Ficus vasta,Fruit (local),2027,0.076376927,0.080807356,0.077960406,0.079104478,,,
3,Ficus vasta,Fruit (local),2028,0.073622564,0.075542734,0.073891247,0.074748892,,,
3,Ficus vasta,Fruit (local),2029,0.124446291,0.126705142,0.122476719,0.126761916,,,
3,Ficus vasta,Fruit (local),2030,0.073560147,0.081088985,0.07976616,0.080699723,,,
3,Ficus vasta,Fruit (local),2031,0.057388767,0.058126897,0.055736756,0.055241134,,,
3,Ficus vasta,Fruit (local),2032,0.086933534,0.091078342,0.089667036,0.090647334,,,
3,Ficus vasta,Fruit (local),2033,0.065798907,0.069728368,0.068304256,0.069335217,,,
3,Ficus vasta,Fruit (local),2034,0.053641249,0.055904408,0.053075134,0.055755296,,,
3,Ficus vasta,Fruit (local),2035,0.042751461,0.045614896,0.043232747,0.045672307,,,
3,Ficus vasta,Fruit (local),2036,0.040039687,0.043053878,0.040671763,0.042996429,,,
3,Ficus vasta,Fruit (local),2037,0.04865994,0.052808355,0.049838103,0.052612331,,,
3,Ficus vasta,Fruit (local),2038,0.040938772,0.045445492,0.043077833,0.044986263,,,
3,Ficus vasta,Fruit (local),2039,0.058199733,0.059272704,0.057142324,0.058988935,,,
3,Ficus vasta,Fruit (local),2040,0.067577627,0.070187464,0.067039374,0.069303395,,,
3,Ficus vasta,Fruit (local),2041,0.086083771,0.088343094,0.085079056,0.087269871,,,
3,Ficus vasta,Fruit (local),2042,0.081047706,0.08849808,0.085790751,0.087747696,,,
3,Ficus vasta,Fruit (local),2043,0.054599884,0.062134408,0.060040048,0.060699359,,,
3,Ficus vasta,Fruit (local),2044,0.048571634,0.048977874,0.047618262,0.048640155,,,
3,Ficus vasta,Fruit (local),2045,0.054692965,0.06051285,0.058150127,0.059282916,,,
3,Ficus vasta,Fruit (local),2046,0.053424257,0.055046746,0.052917637,0.054333888,,,
3,Ficus vasta,Fruit (local),2047,0.077570449,0.084411797,0.081381168,0.083095204,,,
3,Ficus vasta,Fruit (local),2048,0.06011479,0.064598345,0.062665409,0.063882757,,,
3,Ficus vasta,Fruit (local),2049,0.097974762,0.09690259,0.094425371,0.0970073,,,
3,Ficus vasta,Fruit (local),2050,0.079351464,0.08787008,0.085950686,0.0880394,,,
3,Ficus vasta,Fruit (local),2051,0.052649959,0.052784031,0.050420757,0.052037536,,,
3,Ficus vasta,Fruit (local),2052,0.048605696,0.048693502,0.045158003,0.048707114,,,
3,Ficus vasta,Fruit (local),2053,0.044844186,0.043786036,0.041968956,0.043764273,,,
3,Ficus vasta,Fruit (local),2054,0.072930924,0.071812545,0.069591032,0.071742671,,,
3,Ficus vasta,Fruit (local),2055,0.065458082,0.066626534,0.063227486,0.066692902,,,
3,Ficus vasta,Fruit (local),2056,0.055565151,0.05807791,0.055646942,0.058063905,,,
3,Ficus vasta,Fruit (local),2057,0.076500143,0.085273331,0.082827768,0.085259466,,,
3,Ficus vasta,Fruit (local),2058,0.061567013,0.064318862,0.061825214,0.064348713,,,
3,Ficus vasta,Fruit (local),2059,0.047975647,0.052461801,0.049942315,0.052070371,,,
3,Ficus vasta,Fruit (local),2060,0.054620954,0.056305452,0.053981221,0.055880124,,,
3,Ficus vasta,Fruit (local),2061,0.084518292,0.089427004,0.085519256,0.087893187,,,
3,Ficus vasta,Fruit (local),2062,0.067468463,0.070475746,0.067899865,0.069478532,,,
3,Ficus vasta,Fruit (local),2063,0.095657922,0.097028227,0.094095425,0.096309725,,,
3,Ficus vasta,Fruit (local),2064,0,0,0,0,,,
3,Ficus vasta,FuelWood,2024,0,0,0,0,,,
3,Ficus vasta,FuelWood,2025,0.060313938,0.065640742,0.06346197,0.062301369,,,
3,Ficus vasta,FuelWood,2026,0,0,0,0,,,
3,Ficus vasta,FuelWood,2027,0.064095495,0.06918747,0.066829369,0.065918004,,,
3,Ficus vasta,FuelWood,2028,0,0,0,0,,,
3,Ficus vasta,FuelWood,2029,0.071684102,0.076296334,0.073788533,0.073517385,,,
3,Ficus vasta,FuelWood,2030,0,0,0,0,,,
3,Ficus vasta,FuelWood,2031,0.071606933,0.076194329,0.073766547,0.073579243,,,
3,Ficus vasta,FuelWood,2032,0,0,0,0,,,
3,Ficus vasta,FuelWood,2033,0.07355434,0.078109721,0.075832937,0.075864041,,,
3,Ficus vasta,FuelWood,2034,0,0,0,0,,,
3,Ficus vasta,FuelWood,2035,0.069957821,0.074213518,0.071841174,0.072342725,,,
3,Ficus vasta,FuelWood,2036,0,0,0,0,,,
3,Ficus vasta,FuelWood,2037,0.066292453,0.070490152,0.068023718,0.068914648,,,
3,Ficus vasta,FuelWood,2038,0,0,0,0,,,
3,Ficus vasta,FuelWood,2039,0.064235488,0.068230343,0.065766688,0.06685475,,,
3,Ficus vasta,FuelWood,2040,0,0,0,0,,,
3,Ficus vasta,FuelWood,2041,0.067607235,0.07137394,0.068733665,0.070050249,,,
3,Ficus vasta,FuelWood,2042,0,0,0,0,,,
3,Ficus vasta,FuelWood,2043,0.068646557,0.073168074,0.070532545,0.071865263,,,
3,Ficus vasta,FuelWood,2044,0,0,0,0,,,
3,Ficus vasta,FuelWood,2045,0.066553871,0.07089475,0.068360636,0.069666536,,,
3,Ficus vasta,FuelWood,2046,0,0,0,0,,,
3,Ficus vasta,FuelWood,2047,0.067433175,0.071832992,0.069249164,0.070623937,,,
3,Ficus vasta,FuelWood,2048,0,0,0,0,,,
3,Ficus vasta,FuelWood,2049,0.070710371,0.074666655,0.072112244,0.073608364,,,
3,Ficus vasta,FuelWood,2050,0,0,0,0,,,
3,Ficus vasta,FuelWood,2051,0.070885588,0.074958835,0.072440432,0.074025295,,,
3,Ficus vasta,FuelWood,2052,0,0,0,0,,,
3,Ficus vasta,FuelWood,2053,0.067478542,0.070765102,0.06818123,0.069989908,,,
3,Ficus vasta,FuelWood,2054,0,0,0,0,,,
3,Ficus vasta,FuelWood,2055,0.068825717,0.071559639,0.068892015,0.070916625,,,
3,Ficus vasta,FuelWood,2056,0,0,0,0,,,
3,Ficus vasta,FuelWood,2057,0.069407512,0.072738522,0.070072467,0.072202545,,,
3,Ficus vasta,FuelWood,2058,0,0,0,0,,,
3,Ficus vasta,FuelWood,2059,0.06773595,0.071176856,0.068498697,0.070697769,,,
3,Ficus vasta,FuelWood,2060,0,0,0,0,,,
3,Ficus vasta,FuelWood,2061,0.06918247,0.072656612,0.06985257,0.072074769,,,
3,Ficus vasta,FuelWood,2062,0,0,0,0,,,
3,Ficus vasta,FuelWood,2063,0.726082383,0.758919333,0.730533532,0.75250458,,,
3,Ficus vasta,FuelWood,2064,0,0,0,0,,,
3,Ficus vasta,FuelWood,2024,0,0,0,0,,,
3,Ficus vasta,FuelWood,2025,0,0,0,0,,,
3,Ficus vasta,FuelWood,2026,0,0,0,0,,,
3,Ficus vasta,FuelWood,2027,0,0,0,0,,,
3,Ficus vasta,FuelWood,2028,0,0,0,0,,,
3,Ficus vasta,FuelWood,2029,0,0,0,0,,,
3,Ficus vasta,FuelWood,2030,0,0,0,0,,,
3,Ficus vasta,FuelWood,2031,0,0,0,0,,,
3,Ficus vasta,FuelWood,2032,0,0,0,0,,,
3,Ficus vasta,FuelWood,2033,0,0,0,0,,,
3,Ficus vasta,FuelWood,2034,0,0,0,0,,,
3,Ficus vasta,FuelWood,2035,0,0,0,0,,,
3,Ficus vasta,FuelWood,2036,0,0,0,0,,,
3,Ficus vasta,FuelWood,2037,0,0,0,0,,,
3,Ficus vasta,FuelWood,2038,0,0,0,0,,,
3,Ficus vasta,FuelWood,2039,0,0,0,0,,,
3,Ficus vasta,FuelWood,2040,0,0,0,0,,,
3,Ficus vasta,FuelWood,2041,0,0,0,0,,,
3,Ficus vasta,FuelWood,2042,0,0,0,0,,,
3,Ficus vasta,FuelWood,2043,0,0,0,0,,,
3,Ficus vasta,FuelWood,2044,0,0,0,0,,,
3,Ficus vasta,FuelWood,2045,0,0,0,0,,,
3,Ficus vasta,FuelWood,2046,0,0,0,0,,,
3,Ficus vasta,FuelWood,2047,0,0,0,0,,,
3,Ficus vasta,FuelWood,2048,0,0,0,0,,,
3,Ficus vasta,FuelWood,2049,0,0,0,0,,,
3,Ficus vasta,FuelWood,2050,0,0,0,0,,,
3,Ficus vasta,FuelWood,2051,0,0,0,0,,,
3,Ficus vasta,FuelWood,2052,0,0,0,0,,,
3,Ficus vasta,FuelWood,2053,0,0,0,0,,,
3,Ficus vasta,FuelWood,2054,0,0,0,0,,,
3,Ficus vasta,FuelWood,2055,0,0,0,0,,,
3,Ficus vasta,FuelWood,2056,0,0,0,0,,,
3,Ficus vasta,FuelWood,2057,0,0,0,0,,,
3,Ficus vasta,FuelWood,2058,0,0,0,0,,,
3,Ficus vasta,FuelWood,2059,0,0,0,0,,,
3,Ficus vasta,FuelWood,2060,0,0,0,0,,,
3,Ficus vasta,FuelWood,2061,0,0,0,0,,,
3,Ficus vasta,FuelWood,2062,0,0,0,0,,,
3,Ficus vasta,FuelWood,2063,7.189292085,7.558092964,7.29136041,7.440207475,,,
3,Ficus vasta,FuelWood,2064,0,0,0,0,,,
3,Albizia gummifera,FuelWood,2024,0.061374513,0.067025916,0.064334868,0.063206887,,,
3,Albizia gummifera,FuelWood,2025,0.062334775,0.06800901,0.06520419,0.064420718,,,
3,Albizia gummifera,FuelWood,2026,0.065242719,0.070033292,0.067262588,0.066611128,,,
3,Albizia gummifera,FuelWood,2027,0.066793074,0.071525099,0.068629033,0.068410193,,,
3,Albizia gummifera,FuelWood,2028,0.068381532,0.072803577,0.069887182,0.070084496,,,
3,Albizia gummifera,FuelWood,2029,0.076695199,0.080696195,0.077347886,0.078379837,,,
3,Albizia gummifera,FuelWood,2030,0.077560658,0.082416753,0.079240924,0.080358493,,,
3,Albizia gummifera,FuelWood,2031,0.075127263,0.079328721,0.076317589,0.077123575,,,
3,Albizia gummifera,FuelWood,2032,0.078137597,0.082531444,0.07959656,0.080569118,,,
3,Albizia gummifera,FuelWood,2033,0.07697559,0.081625343,0.078752012,0.079872859,,,
3,Albizia gummifera,FuelWood,2034,0.074444567,0.078657392,0.075645845,0.077064009,,,
3,Albizia gummifera,FuelWood,2035,0.069959279,0.073985849,0.071019984,0.072606319,,,
3,Albizia gummifera,FuelWood,2036,0.065744624,0.069513327,0.066702005,0.068411847,,,
3,Albizia gummifera,FuelWood,2037,0.063278487,0.066802702,0.064151465,0.065966284,,,
3,Albizia gummifera,FuelWood,2038,0.060256346,0.063707708,0.061216958,0.062949571,,,
3,Albizia gummifera,FuelWood,2039,0.060099499,0.063228551,0.060778884,0.062557571,,,
3,Albizia gummifera,FuelWood,2040,0.061677085,0.064418416,0.061802378,0.063756558,,,
3,Albizia gummifera,FuelWood,2041,0.065743536,0.068224984,0.065381769,0.06756562,,,
3,Albizia gummifera,FuelWood,2042,0.068541662,0.071759666,0.068839704,0.071193592,,,
3,Albizia gummifera,FuelWood,2043,0.067205606,0.07106839,0.068243928,0.070461667,,,
3,Albizia gummifera,FuelWood,2044,0.06472751,0.06804569,0.065383378,0.067490085,,,
3,Albizia gummifera,FuelWood,2045,0.063197166,0.066721369,0.064063453,0.066121841,,,
3,Albizia gummifera,FuelWood,2046,0.061739667,0.064992555,0.06236545,0.064391143,,,
3,Albizia gummifera,FuelWood,2047,0.064669404,0.068006676,0.065255039,0.067394973,,,
3,Albizia gummifera,FuelWood,2048,0.06401674,0.067443879,0.064751881,0.06684598,,,
3,Albizia gummifera,FuelWood,2049,0.069330132,0.072277115,0.06941234,0.071787982,,,
3,Albizia gummifera,FuelWood,2050,0.072058714,0.076142819,0.073343041,0.075745852,,,
3,Albizia gummifera,FuelWood,2051,0.069418647,0.072827226,0.070120316,0.07237517,,,
3,Albizia gummifera,FuelWood,2052,0.066775704,0.069526017,0.066678263,0.069141328,,,
3,Albizia gummifera,FuelWood,2053,0.063754373,0.065787625,0.063076256,0.065453072,,,
3,Albizia gummifera,FuelWood,2054,0.065903553,0.067018854,0.064317762,0.066730187,,,
3,Albizia gummifera,FuelWood,2055,0.065869355,0.066772507,0.06392592,0.066536481,,,
3,Albizia gummifera,FuelWood,2056,0.064546664,0.06559514,0.062761132,0.065389723,,,
3,Albizia gummifera,FuelWood,2057,0.067084316,0.069175412,0.066320657,0.069000203,,,
3,Albizia gummifera,FuelWood,2058,0.066434638,0.06843953,0.065606362,0.068294563,,,
3,Albizia gummifera,FuelWood,2059,0.0641791,0.066154462,0.063353882,0.066013628,,,
3,Albizia gummifera,FuelWood,2060,0.062843051,0.064641628,0.061868893,0.064493875,,,
3,Albizia gummifera,FuelWood,2061,0.066508184,0.068425403,0.06532704,0.068144738,,,
3,Albizia gummifera,FuelWood,2062,0.067243018,0.069075678,0.065947088,0.068808721,,,
3,Albizia gummifera,FuelWood,2063,0.722494229,0.739103513,0.70623617,0.736266344,,,
3,Albizia gummifera,FuelWood,2064,0.001720199,0.001823645,0.001758557,0.00181827,,,
3,Albizia gummifera,ConstructionWood,2024,0,0,0,0,,,
3,Albizia gummifera,ConstructionWood,2025,0,0,0,0,,,
3,Albizia gummifera,ConstructionWood,2026,0,0,0,0,,,
3,Albizia gummifera,ConstructionWood,2027,0,0,0,0,,,
3,Albizia gummifera,ConstructionWood,2028,0,0,0,0,,,
3,Albizia gummifera,ConstructionWood,2029,0,0,0,0,,,
3,Albizia gummifera,ConstructionWood,2030,0,0,0,0,,,
3,Albizia gummifera,ConstructionWood,2031,0,0,0,0,,,
3,Albizia gummifera,ConstructionWood,2032,0,0,0,0,,,
3,Albizia gummifera,ConstructionWood,2033,0,0,0,0,,,
3,Albizia gummifera,ConstructionWood,2034,0,0,0,0,,,
3,Albizia gummifera,ConstructionWood,2035,0,0,0,0,,,
3,Albizia gummifera,ConstructionWood,2036,0,0,0,0,,,
3,Albizia gummifera,ConstructionWood,2037,0,0,0,0,,,
3,Albizia gummifera,ConstructionWood,2038,0,0,0,0,,,
3,Albizia gummifera,ConstructionWood,2039,0,0,0,0,,,
3,Albizia gummifera,ConstructionWood,2040,0,0,0,0,,,
3,Albizia gummifera,ConstructionWood,2041,0,0,0,0,,,
3,Albizia gummifera,ConstructionWood,2042,0,0,0,0,,,
3,Albizia gummifera,ConstructionWood,2043,0,0,0,0,,,
3,Albizia gummifera,ConstructionWood,2044,0,0,0,0,,,
3,Albizia gummifera,ConstructionWood,2045,0,0,0,0,,,
3,Albizia gummifera,ConstructionWood,2046,0,0,0,0,,,
3,Albizia gummifera,ConstructionWood,2047,0,0,0,0,,,
3,Albizia gummifera,ConstructionWood,2048,0,0,0,0,,,
3,Albizia gummifera,ConstructionWood,2049,0,0,0,0,,,
3,Albizia gummifera,ConstructionWood,2050,0,0,0,0,,,
3,Albizia gummifera,ConstructionWood,2051,0,0,0,0,,,
3,Albizia gummifera,ConstructionWood,2052,0,0,0,0,,,
3,Albizia gummifera,ConstructionWood,2053,0,0,0,0,,,
3,Albizia gummifera,ConstructionWood,2054,0,0,0,0,,,
3,Albizia gummifera,ConstructionWood,2055,0,0,0,0,,,
3,Albizia gummifera,ConstructionWood,2056,0,0,0,0,,,
3,Albizia gummifera,ConstructionWood,2057,0,0,0,0,,,
3,Albizia gummifera,ConstructionWood,2058,0,0,0,0,,,
3,Albizia gummifera,ConstructionWood,2059,0,0,0,0,,,
3,Albizia gummifera,ConstructionWood,2060,0,0,0,0,,,
3,Albizia gummifera,ConstructionWood,2061,0,0,0,0,,,
3,Albizia gummifera,ConstructionWood,2062,0,0,0,0,,,
3,Albizia gummifera,ConstructionWood,2063,8.395886393,8.721120412,8.367001808,8.625387095,,,
3,Albizia gummifera,ConstructionWood,2064,0,0,0,0,,,
3,Millettia ferruginea,FuelWood,2024,0,0,0,0,,,
3,Millettia ferruginea,FuelWood,2025,0,0,0,0,,,
3,Millettia ferruginea,FuelWood,2026,0.131755292,0.141487759,0.135153541,0.138304317,,,
3,Millettia ferruginea,FuelWood,2027,0,0,0,0,,,
3,Millettia ferruginea,FuelWood,2028,0,0,0,0,,,
3,Millettia ferruginea,FuelWood,2029,0.156300667,0.16559645,0.158349983,0.162901933,,,
3,Millettia ferruginea,FuelWood,2030,0,0,0,0,,,
3,Millettia ferruginea,FuelWood,2031,0,0,0,0,,,
3,Millettia ferruginea,FuelWood,2032,0.167368566,0.177797224,0.170654248,0.17479524,,,
3,Millettia ferruginea,FuelWood,2033,0,0,0,0,,,
3,Millettia ferruginea,FuelWood,2034,0,0,0,0,,,
3,Millettia ferruginea,FuelWood,2035,0.163229901,0.173288543,0.165980077,0.17071645,,,
3,Millettia ferruginea,FuelWood,2036,0,0,0,0,,,
3,Millettia ferruginea,FuelWood,2037,0,0,0,0,,,
3,Millettia ferruginea,FuelWood,2038,0.152628934,0.162496711,0.155187081,0.160356011,,,
3,Millettia ferruginea,FuelWood,2039,0,0,0,0,,,
3,Millettia ferruginea,FuelWood,2040,0,0,0,0,,,
3,Millettia ferruginea,FuelWood,2041,0.161563809,0.170051436,0.162452976,0.168112433,,,
3,Millettia ferruginea,FuelWood,2042,0,0,0,0,,,
3,Millettia ferruginea,FuelWood,2043,0,0,0,0,,,
3,Millettia ferruginea,FuelWood,2044,0.163013387,0.172558878,0.165236668,0.170838539,,,
3,Millettia ferruginea,FuelWood,2045,0,0,0,0,,,
3,Millettia ferruginea,FuelWood,2046,0,0,0,0,,,
3,Millettia ferruginea,FuelWood,2047,0.16405297,0.172946887,0.16602091,0.171284114,,,
3,Millettia ferruginea,FuelWood,2048,0,0,0,0,,,
3,Millettia ferruginea,FuelWood,2049,0,0,0,0,,,
3,Millettia ferruginea,FuelWood,2050,0.175448223,0.18538878,0.178262969,0.184053496,,,
3,Millettia ferruginea,FuelWood,2051,0,0,0,0,,,
3,Millettia ferruginea,FuelWood,2052,0,0,0,0,,,
3,Millettia ferruginea,FuelWood,2053,0.165756165,0.172858538,0.165741984,0.171661365,,,
3,Millettia ferruginea,FuelWood,2054,0,0,0,0,,,
3,Millettia ferruginea,FuelWood,2055,0,0,0,0,,,
3,Millettia ferruginea,FuelWood,2056,0.167486705,0.172722602,0.165432476,0.171784921,,,
3,Millettia ferruginea,FuelWood,2057,0,0,0,0,,,
3,Millettia ferruginea,FuelWood,2058,0,0,0,0,,,
3,Millettia ferruginea,FuelWood,2059,0.167721042,0.173807752,0.166797278,0.17310514,,,
3,Millettia ferruginea,FuelWood,2060,0,0,0,0,,,
3,Millettia ferruginea,FuelWood,2061,0,0,0,0,,,
3,Millettia ferruginea,FuelWood,2062,0.171941138,0.177475487,0.170013796,0.176651139,,,
3,Millettia ferruginea,FuelWood,2063,0,0,0,0,,,
3,Millettia ferruginea,FuelWood,2064,0,0,0,0,,,
